CREATE DATABASE  IF NOT EXISTS `fantasysoccer` /*!40100 DEFAULT CHARACTER SET utf8mb4 COLLATE utf8mb4_0900_ai_ci */ /*!80016 DEFAULT ENCRYPTION='N' */;
USE `fantasysoccer`;
-- MySQL dump 10.13  Distrib 8.0.31, for Win64 (x86_64)
--
-- Host: localhost    Database: fantasysoccer
-- ------------------------------------------------------
-- Server version	8.0.31

/*!40101 SET @OLD_CHARACTER_SET_CLIENT=@@CHARACTER_SET_CLIENT */;
/*!40101 SET @OLD_CHARACTER_SET_RESULTS=@@CHARACTER_SET_RESULTS */;
/*!40101 SET @OLD_COLLATION_CONNECTION=@@COLLATION_CONNECTION */;
/*!50503 SET NAMES utf8 */;
/*!40103 SET @OLD_TIME_ZONE=@@TIME_ZONE */;
/*!40103 SET TIME_ZONE='+00:00' */;
/*!40014 SET @OLD_UNIQUE_CHECKS=@@UNIQUE_CHECKS, UNIQUE_CHECKS=0 */;
/*!40014 SET @OLD_FOREIGN_KEY_CHECKS=@@FOREIGN_KEY_CHECKS, FOREIGN_KEY_CHECKS=0 */;
/*!40101 SET @OLD_SQL_MODE=@@SQL_MODE, SQL_MODE='NO_AUTO_VALUE_ON_ZERO' */;
/*!40111 SET @OLD_SQL_NOTES=@@SQL_NOTES, SQL_NOTES=0 */;

--
-- Table structure for table `country`
--

DROP TABLE IF EXISTS `country`;
/*!40101 SET @saved_cs_client     = @@character_set_client */;
/*!50503 SET character_set_client = utf8mb4 */;
CREATE TABLE `country` (
  `name` varchar(100) NOT NULL,
  `code` varchar(100) NOT NULL,
  PRIMARY KEY (`name`),
  UNIQUE KEY `code` (`code`)
) ENGINE=InnoDB DEFAULT CHARSET=utf8mb4 COLLATE=utf8mb4_0900_ai_ci;
/*!40101 SET character_set_client = @saved_cs_client */;

--
-- Dumping data for table `country`
--

LOCK TABLES `country` WRITE;
/*!40000 ALTER TABLE `country` DISABLE KEYS */;
/*!40000 ALTER TABLE `country` ENABLE KEYS */;
UNLOCK TABLES;

--
-- Table structure for table `fixture`
--

DROP TABLE IF EXISTS `fixture`;
/*!40101 SET @saved_cs_client     = @@character_set_client */;
/*!50503 SET character_set_client = utf8mb4 */;
CREATE TABLE `fixture` (
  `id` varchar(32) NOT NULL,
  `venue_id` int NOT NULL,
  `match_date` date DEFAULT NULL,
  `home_team_id` int NOT NULL,
  `away_team_id` int NOT NULL,
  PRIMARY KEY (`id`),
  UNIQUE KEY `home_away_constraint` (`home_team_id`,`away_team_id`),
  KEY `physical_team_away_fk` (`away_team_id`),
  KEY `fixture_details_venue_id_fk` (`venue_id`),
  CONSTRAINT `fixture_details_venue_id_fk` FOREIGN KEY (`venue_id`) REFERENCES `venue` (`id`),
  CONSTRAINT `physical_team_away_fk` FOREIGN KEY (`away_team_id`) REFERENCES `physical_team` (`id`),
  CONSTRAINT `physical_team_home_fk` FOREIGN KEY (`home_team_id`) REFERENCES `physical_team` (`id`)
) ENGINE=InnoDB DEFAULT CHARSET=utf8mb4 COLLATE=utf8mb4_0900_ai_ci;
/*!40101 SET character_set_client = @saved_cs_client */;

--
-- Dumping data for table `fixture`
--

LOCK TABLES `fixture` WRITE;
/*!40000 ALTER TABLE `fixture` DISABLE KEYS */;
INSERT INTO `fixture` VALUES ('867946',525,'2022-08-05',52,42),('867947',535,'2022-08-06',36,40),('867948',504,'2022-08-06',35,66),('867949',546,'2022-08-06',63,39),('867950',547,'2022-08-07',46,55),('867951',562,'2022-08-06',34,65),('867952',593,'2022-08-06',47,41),('867953',8560,'2022-08-06',45,49),('867954',556,'2022-08-07',33,51),('867955',598,'2022-08-07',48,50),('867956',494,'2022-08-13',42,46),('867957',495,'2022-08-13',66,45),('867958',10503,'2022-08-13',55,33),('867959',508,'2022-08-13',51,34),('867960',519,'2022-08-14',49,47),('867961',550,'2022-08-15',40,52),('867962',555,'2022-08-13',50,35),('867963',566,'2022-08-14',65,48),('867964',585,'2022-08-13',41,63),('867965',600,'2022-08-13',39,36),('867966',504,'2022-08-20',35,42),('867967',525,'2022-08-20',52,66),('867968',8560,'2022-08-20',45,65),('867969',535,'2022-08-20',36,55),('867970',546,'2022-08-21',63,49),('867971',547,'2022-08-20',46,41),('867972',556,'2022-08-22',33,40),('867973',562,'2022-08-21',34,50),('867974',593,'2022-08-20',47,39),('867975',598,'2022-08-21',48,51),('867976',494,'2022-08-27',42,36),('867977',495,'2022-08-28',66,48),('867978',10503,'2022-08-27',55,45),('867979',508,'2022-08-27',51,63),('867980',519,'2022-08-27',49,46),('867981',550,'2022-08-27',40,35),('867982',555,'2022-08-27',50,52),('867983',566,'2022-08-28',65,47),('867984',585,'2022-08-27',41,33),('867985',600,'2022-08-28',39,34),('867986',504,'2022-08-31',35,39),('867987',494,'2022-08-31',42,66),('867988',535,'2022-08-30',36,51),('867989',546,'2022-08-30',63,45),('867990',547,'2022-09-01',46,33),('867991',598,'2022-08-31',48,47),('867992',525,'2022-08-30',52,55),('867993',585,'2022-08-30',41,49),('867994',550,'2022-08-31',40,34),('867995',555,'2022-08-31',50,65),('867996',495,'2022-09-03',66,50),('867997',10503,'2022-09-03',55,63),('867998',508,'2022-09-04',51,46),('867999',519,'2022-09-03',49,48),('868000',8560,'2022-09-03',45,40),('868001',556,'2022-09-04',33,42),('868002',562,'2022-09-03',34,52),('868003',566,'2022-09-03',65,35),('868004',593,'2022-09-03',47,36),('868005',600,'2022-09-03',39,41),('868006',504,'2023-04-04',35,51),('868007',494,'2023-03-01',42,45),('868008',525,'2023-01-18',52,33),('868009',535,'2023-01-12',36,49),('868010',546,'2023-04-04',63,65),('868011',547,'2023-04-04',46,66),('868012',550,'2023-03-01',40,39),('868013',555,'2023-01-19',50,47),('868014',585,'2023-03-15',41,55),('868015',598,'2023-04-05',48,34),('868016',495,'2022-09-16',66,41),('868017',10503,'2022-09-18',55,42),('868018',508,'2023-03-15',51,52),('868019',519,'2023-04-04',49,40),('868020',8560,'2022-09-18',45,48),('868021',556,'2023-02-08',33,63),('868022',562,'2022-09-17',34,35),('868023',566,'2022-09-16',65,36),('868024',593,'2022-09-17',47,46),('868025',600,'2022-09-17',39,50),('868026',504,'2022-10-01',35,55),('868027',494,'2022-10-01',42,47),('868028',525,'2022-10-01',52,49),('868029',535,'2022-10-01',36,34),('868030',546,'2022-10-02',63,66),('868031',547,'2022-10-03',46,65),('868032',550,'2022-10-01',40,51),('868033',555,'2022-10-02',50,33),('868034',585,'2022-10-01',41,45),('868035',598,'2022-10-01',48,39),('868036',504,'2022-10-08',35,46),('868037',494,'2022-10-09',42,40),('868038',508,'2022-10-08',51,47),('868039',519,'2022-10-08',49,39),('868040',525,'2022-10-09',52,63),('868041',8560,'2022-10-09',45,33),('868042',555,'2022-10-08',50,41),('868043',562,'2022-10-08',34,55),('868044',566,'2022-10-10',65,66),('868045',598,'2022-10-09',48,36),('868046',495,'2022-10-16',66,49),('868047',10503,'2022-10-14',55,51),('868048',535,'2022-10-15',36,35),('868049',546,'2022-10-16',63,42),('868050',547,'2022-10-15',46,52),('868051',550,'2022-10-16',40,50),('868052',556,'2022-10-16',33,34),('868053',585,'2022-10-16',41,48),('868054',593,'2022-10-15',47,45),('868055',600,'2022-10-15',39,65),('868056',504,'2022-10-19',35,41),('868057',494,'2023-02-15',42,50),('868058',10503,'2022-10-19',55,49),('868059',508,'2022-10-18',51,65),('868060',535,'2022-10-20',36,66),('868061',547,'2022-10-20',46,63),('868062',525,'2022-10-18',52,39),('868063',562,'2022-10-19',34,45),('868064',550,'2022-10-19',40,48),('868065',556,'2022-10-19',33,47),('868066',495,'2022-10-23',66,55),('868067',519,'2022-10-22',49,33),('868068',8560,'2022-10-22',45,52),('868069',546,'2022-10-23',63,36),('868070',555,'2022-10-22',50,51),('868071',566,'2022-10-22',65,40),('868072',585,'2022-10-23',41,42),('868073',593,'2022-10-23',47,34),('868074',598,'2022-10-24',48,35),('868075',600,'2022-10-23',39,46),('868076',504,'2022-10-29',35,47),('868077',494,'2022-10-30',42,65),('868078',10503,'2022-10-29',55,39),('868079',508,'2022-10-29',51,49),('868080',525,'2022-10-29',52,41),('868081',535,'2022-10-29',36,45),('868082',547,'2022-10-29',46,50),('868083',550,'2022-10-29',40,63),('868084',556,'2022-10-30',33,48),('868085',562,'2022-10-29',34,66),('868086',495,'2022-11-06',66,33),('868087',519,'2022-11-06',49,42),('868088',8560,'2022-11-05',45,46),('868089',546,'2022-11-05',63,35),('868090',555,'2022-11-05',50,36),('868091',566,'2022-11-05',65,55),('868092',585,'2022-11-06',41,34),('868093',593,'2022-11-06',47,40),('868094',598,'2022-11-06',48,52),('868095',600,'2022-11-05',39,51),('868096',504,'2022-11-12',35,45),('868097',508,'2022-11-13',51,66),('868098',535,'2022-11-13',36,33),('868099',550,'2022-11-12',40,41),('868100',555,'2022-11-12',50,55),('868101',562,'2022-11-12',34,49),('868102',566,'2022-11-12',65,52),('868103',593,'2022-11-12',47,63),('868104',598,'2022-11-12',48,46),('868105',600,'2022-11-12',39,42),('868106',494,'2022-12-26',42,48),('868107',495,'2022-12-26',66,40),('868108',10503,'2022-12-26',55,47),('868109',519,'2022-12-27',49,35),('868110',525,'2022-12-26',52,36),('868111',8560,'2022-12-26',45,39),('868112',546,'2022-12-28',63,50),('868113',547,'2022-12-26',46,34),('868114',556,'2022-12-27',33,65),('868115',585,'2022-12-26',41,51),('868116',504,'2022-12-31',35,52),('868117',508,'2022-12-31',51,42),('868118',535,'2022-12-31',36,41),('868119',550,'2022-12-30',40,46),('868120',555,'2022-12-31',50,45),('868121',562,'2022-12-31',34,63),('868122',566,'2023-01-01',65,49),('868123',593,'2023-01-01',47,66),('868124',598,'2022-12-30',48,55),('868125',600,'2022-12-31',39,33),('868126',494,'2023-01-03',42,34),('868127',495,'2023-01-04',66,39),('868128',10503,'2023-01-02',55,40),('868129',519,'2023-01-05',49,50),('868130',525,'2023-01-04',52,47),('868131',8560,'2023-01-03',45,51),('868132',546,'2023-01-04',63,48),('868133',547,'2023-01-03',46,36),('868134',556,'2023-01-03',33,35),('868135',585,'2023-01-04',41,65),('868136',495,'2023-01-13',66,63),('868137',10503,'2023-01-14',55,35),('868138',508,'2023-01-14',51,40),('868139',519,'2023-01-15',49,52),('868140',8560,'2023-01-14',45,41),('868141',556,'2023-01-14',33,50),('868142',562,'2023-01-15',34,36),('868143',566,'2023-01-14',65,46),('868144',593,'2023-01-15',47,42),('868145',600,'2023-01-14',39,48),('868146',504,'2023-01-21',35,65),('868147',494,'2023-01-22',42,33),('868148',525,'2023-01-21',52,34),('868149',535,'2023-01-23',36,47),('868150',546,'2023-01-22',63,55),('868151',547,'2023-01-21',46,51),('868152',550,'2023-01-21',40,49),('868153',555,'2023-01-22',50,39),('868154',585,'2023-01-21',41,66),('868155',598,'2023-01-21',48,45),('868156',495,'2023-02-04',66,46),('868157',10503,'2023-02-04',55,41),('868158',508,'2023-02-04',51,35),('868159',519,'2023-02-03',49,36),('868160',8560,'2023-02-04',45,42),('868161',556,'2023-02-04',33,52),('868162',562,'2023-02-04',34,48),('868163',566,'2023-02-05',65,63),('868164',593,'2023-02-05',47,50),('868165',600,'2023-02-04',39,40),('868166',504,'2023-02-11',35,34),('868167',494,'2023-02-11',42,55),('868168',525,'2023-02-11',52,51),('868169',535,'2023-02-11',36,65),('868170',546,'2023-02-12',63,33),('868171',547,'2023-02-11',46,47),('868172',550,'2023-02-13',40,45),('868173',555,'2023-02-12',50,66),('868174',585,'2023-02-11',41,39),('868175',598,'2023-02-11',48,49),('868176',495,'2023-02-18',66,42),('868177',10503,'2023-02-18',55,52),('868178',508,'2023-02-18',51,36),('868179',519,'2023-02-18',49,41),('868180',8560,'2023-02-18',45,63),('868181',556,'2023-02-19',33,46),('868182',562,'2023-02-18',34,40),('868183',566,'2023-02-18',65,50),('868184',593,'2023-02-19',47,48),('868185',600,'2023-02-18',39,35),('868186',504,'2023-02-25',35,50),('868187',525,'2023-02-25',52,40),('868188',8560,'2023-02-25',45,66),('868189',535,'2023-02-24',36,39),('868190',546,'2023-02-25',63,41),('868191',547,'2023-02-25',46,42),('868192',556,'2023-04-05',33,55),('868193',562,'2023-02-25',34,51),('868194',593,'2023-02-26',47,49),('868195',598,'2023-02-25',48,65),('868196',494,'2023-03-04',42,35),('868197',495,'2023-03-04',66,52),('868198',10503,'2023-03-06',55,36),('868199',508,'2023-03-04',51,48),('868200',519,'2023-03-04',49,63),('868201',550,'2023-03-05',40,33),('868202',555,'2023-03-04',50,34),('868203',566,'2023-03-05',65,45),('868204',585,'2023-03-04',41,46),('868205',600,'2023-03-04',39,47),('868206',504,'2023-03-11',35,40),('868207',525,'2023-03-11',52,50),('868208',8560,'2023-03-11',45,55),('868209',535,'2023-03-12',36,42),('868210',546,'2023-03-11',63,51),('868211',547,'2023-03-11',46,49),('868212',556,'2023-03-12',33,41),('868213',562,'2023-03-12',34,39),('868214',593,'2023-03-11',47,65),('868215',598,'2023-03-12',48,66),('868216',494,'2023-03-19',42,52),('868217',495,'2023-03-18',66,35),('868218',10503,'2023-03-18',55,46),('868219',508,'2023-05-04',51,33),('868220',519,'2023-03-18',49,45),('868221',550,'2023-05-03',40,36),('868222',555,'2023-05-03',50,48),('868223',566,'2023-03-17',65,34),('868224',585,'2023-03-18',41,47),('868225',600,'2023-03-18',39,63),('868226',504,'2023-04-01',35,36),('868227',494,'2023-04-01',42,63),('868228',508,'2023-04-01',51,55),('868229',519,'2023-04-01',49,66),('868230',525,'2023-04-01',52,46),('868231',8560,'2023-04-03',45,47),('868232',555,'2023-04-01',50,40),('868233',562,'2023-04-02',34,33),('868234',566,'2023-04-01',65,39),('868235',598,'2023-04-02',48,41),('868236',495,'2023-04-08',66,65),('868237',10503,'2023-04-08',55,34),('868238',535,'2023-04-08',36,48),('868239',546,'2023-04-09',63,52),('868240',547,'2023-04-08',46,35),('868241',550,'2023-04-09',40,42),('868242',556,'2023-04-08',33,45),('868243',585,'2023-04-08',41,50),('868244',593,'2023-04-08',47,51),('868245',600,'2023-04-08',39,49),('868246',495,'2023-04-15',66,34),('868247',519,'2023-04-15',49,51),('868248',8560,'2023-04-15',45,36),('868249',546,'2023-04-17',63,40),('868250',555,'2023-04-15',50,46),('868251',566,'2023-04-16',65,33),('868252',585,'2023-04-15',41,52),('868253',593,'2023-04-15',47,35),('868254',598,'2023-04-16',48,42),('868255',600,'2023-04-15',39,55),('868256',504,'2023-04-23',35,48),('868257',494,'2023-04-21',42,41),('868258',10503,'2023-04-22',55,66),('868259',508,'2023-04-23',51,50),('868260',525,'2023-04-22',52,45),('868261',535,'2023-04-22',36,63),('868262',547,'2023-04-22',46,39),('868263',550,'2023-04-22',40,65),('868264',556,'2023-04-22',33,49),('868265',562,'2023-04-23',34,47),('868266',8560,'2023-04-27',45,34),('868267',546,'2023-04-25',63,46),('868268',566,'2023-04-26',65,51),('868269',593,'2023-04-27',47,33),('868270',598,'2023-04-26',48,40),('868271',600,'2023-04-25',39,52),('868272',495,'2023-04-25',66,36),('868273',519,'2023-04-26',49,55),('868274',585,'2023-04-27',41,35),('868275',555,'2023-04-26',50,42),('868276',504,'2023-04-30',35,63),('868277',494,'2023-05-02',42,49),('868278',10503,'2023-04-29',55,65),('868279',508,'2023-04-29',51,39),('868280',525,'2023-04-29',52,48),('868281',535,'2023-04-30',36,50),('868282',547,'2023-05-01',46,45),('868283',550,'2023-04-30',40,47),('868284',556,'2023-04-30',33,66),('868285',562,'2023-04-30',34,41),('868286',504,'2023-05-06',35,49),('868287',508,'2023-05-08',51,45),('868288',535,'2023-05-08',36,46),('868289',550,'2023-05-06',40,55),('868290',555,'2023-05-07',50,63),('868291',562,'2023-05-07',34,42),('868292',566,'2023-05-08',65,41),('868293',593,'2023-05-06',47,52),('868294',598,'2023-05-07',48,33),('868295',600,'2023-05-06',39,66),('868296',494,'2023-05-14',42,51),('868297',495,'2023-05-13',66,47),('868298',10503,'2023-05-13',55,48),('868299',519,'2023-05-13',49,65),('868300',525,'2023-05-13',52,35),('868301',8560,'2023-05-14',45,50),('868302',546,'2023-05-13',63,34),('868303',547,'2023-05-15',46,40),('868304',556,'2023-05-13',33,39),('868305',585,'2023-05-13',41,36),('868306',504,'2023-05-20',35,33),('868307',508,'2023-05-20',51,41),('868308',535,'2023-05-20',36,52),('868309',550,'2023-05-20',40,66),('868310',555,'2023-05-20',50,49),('868311',562,'2023-05-20',34,46),('868312',566,'2023-05-20',65,42),('868313',593,'2023-05-20',47,55),('868314',598,'2023-05-20',48,63),('868315',600,'2023-05-20',39,45),('868316',494,'2023-05-28',42,39),('868317',495,'2023-05-28',66,51),('868318',10503,'2023-05-28',55,50),('868319',519,'2023-05-28',49,34),('868320',525,'2023-05-28',52,65),('868321',8560,'2023-05-28',45,35),('868322',546,'2023-05-28',63,47),('868323',547,'2023-05-28',46,48),('868324',556,'2023-05-28',33,36),('868325',585,'2023-05-28',41,40);
/*!40000 ALTER TABLE `fixture` ENABLE KEYS */;
UNLOCK TABLES;

--
-- Table structure for table `physical_team`
--

DROP TABLE IF EXISTS `physical_team`;
/*!40101 SET @saved_cs_client     = @@character_set_client */;
/*!50503 SET character_set_client = utf8mb4 */;
CREATE TABLE `physical_team` (
  `id` int NOT NULL,
  `name` varchar(32) NOT NULL,
  PRIMARY KEY (`id`),
  UNIQUE KEY `name` (`name`)
) ENGINE=InnoDB DEFAULT CHARSET=utf8mb4 COLLATE=utf8mb4_0900_ai_ci;
/*!40101 SET character_set_client = @saved_cs_client */;

--
-- Dumping data for table `physical_team`
--

LOCK TABLES `physical_team` WRITE;
/*!40000 ALTER TABLE `physical_team` DISABLE KEYS */;
INSERT INTO `physical_team` VALUES (42,'Arsenal'),(66,'Aston Villa'),(35,'Bournemouth'),(55,'Brentford'),(51,'Brighton'),(49,'Chelsea'),(52,'Crystal Palace'),(45,'Everton'),(36,'Fulham'),(63,'Leeds'),(46,'Leicester'),(40,'Liverpool'),(50,'Manchester City'),(33,'Manchester United'),(34,'Newcastle'),(65,'Nottingham Forest'),(41,'Southampton'),(47,'Tottenham'),(48,'West Ham'),(39,'Wolves');
/*!40000 ALTER TABLE `physical_team` ENABLE KEYS */;
UNLOCK TABLES;

--
-- Table structure for table `player`
--

DROP TABLE IF EXISTS `player`;
/*!40101 SET @saved_cs_client     = @@character_set_client */;
/*!50503 SET character_set_client = utf8mb4 */;
CREATE TABLE `player` (
  `id` int NOT NULL,
  `name` varchar(64) NOT NULL,
  `physical_team_id` int NOT NULL,
  `position_name` varchar(16) DEFAULT NULL,
  `virtual_player_price` int NOT NULL,
  PRIMARY KEY (`id`),
  KEY `player_team_name_fk` (`physical_team_id`),
  CONSTRAINT `player_team_name_fk` FOREIGN KEY (`physical_team_id`) REFERENCES `physical_team` (`id`)
) ENGINE=InnoDB DEFAULT CHARSET=utf8mb4 COLLATE=utf8mb4_0900_ai_ci;
/*!40101 SET character_set_client = @saved_cs_client */;

--
-- Dumping data for table `player`
--

LOCK TABLES `player` WRITE;
/*!40000 ALTER TABLE `player` DISABLE KEYS */;
INSERT INTO `player` VALUES (17,'Christian Pulišić',49,'',0),(18,'Jadon Sancho',33,'',0),(44,'Rodri',50,'',0),(49,'Thomas Partey',42,'',0),(133,'Clément Lenglet',47,'',0),(147,'Philippe Coutinho',66,'',0),(159,'Hugo Lloris',47,'',0),(164,'Ben Davies',47,'',0),(168,'Davinson Sánchez',47,'',0),(169,'Kieran Trippier',34,'',0),(171,'Kyle Walker-Peters',41,'',0),(172,'Dele Alli',45,'',0),(174,'Christian Eriksen',33,'',0),(175,'Eric Dier',47,'',0),(178,'Lucas Moura',47,'',0),(184,'Harry Kane',47,'',0),(186,'Heung-min Son',47,'',0),(207,'Ivan Perišić',47,'',0),(253,'Alphonse Aréola',48,'',0),(259,'Thiago Silva',49,'',0),(279,'Loïc Mbe Soh',65,'',0),(280,'Alisson',40,'',0),(283,'Trent Alexander-Arnold',40,'',0),(284,'Joe Gomez',40,'',0),(286,'Joël Matip',40,'',0),(289,'Andrew Robertson',40,'',0),(290,'Virgil van Dijk',40,'',0),(292,'Jordan Henderson',40,'',0),(295,'Adam Lallana',51,'',0),(296,'James Milner',40,'',0),(299,'Fabinho',40,'',0),(302,'Roberto Firmino',40,'',0),(306,'Mohamed Salah',40,'',0),(318,'Kalidou Koulibaly',49,'',0),(326,'Allan',45,'',0),(507,'Thiago Alcântara',40,'',0),(533,'Rasmus Kristensen',63,'',0),(537,'Joël Veltman',51,'',0),(547,'Donny van de Beek',33,'',0),(548,'Hakim Ziyech',49,'',0),(567,'Rúben Dias',50,'',0),(617,'Ederson',50,'',0),(626,'John Stones',50,'',0),(627,'Kyle Walker',50,'',0),(629,'Kevin De Bruyne',50,'',0),(631,'Phil Foden',50,'',0),(633,'İlkay Gündoğan',50,'',0),(635,'Riyad Mahrez',50,'',0),(636,'Bernardo Silva',50,'',0),(641,'Oleksandr Zinchenko',42,'',0),(643,'Gabriel Jesus',42,'',0),(645,'Raheem Sterling',49,'',0),(657,'Kenny Tete',36,'',0),(697,'Manor Solomon',36,'',0),(723,'Joelinton',34,'',0),(742,'Raphaël Varane',33,'',0),(766,'Robin Olsen',66,'',0),(842,'Nikola Vlašić',48,'',0),(855,'João Cancelo',50,'',0),(863,'Rodrigo Bentancur',47,'',0),(874,'Cristiano Ronaldo',33,'',0),(882,'David De Gea',33,'',0),(886,'Diogo Dalot',33,'',0),(891,'Luke Shaw',33,'',0),(894,'Ashley Young',66,'',0),(895,'James Garner',33,'',0),(899,'Andreas Pereira',36,'',0),(900,'Jesse Lingard',65,'',0),(903,'Scott McTominay',33,'',0),(905,'Fred',33,'',0),(909,'Marcus Rashford',33,'',0),(935,'Rodrigo',63,'',0),(946,'Kevin Mbabu',36,'',0),(978,'Kai Havertz',49,'',0),(983,'Leon Bailey',66,'',0),(1093,'Enock Mwepu',51,'',0),(1098,'Patson Daka',46,'',0),(1100,'Erling Haaland',50,'',0),(1117,'Kieran Tierney',42,'',0),(1125,'Ryan Christie',35,'',0),(1131,'Armstrong Oko-Flex',48,'',0),(1150,'Tyler Adams',63,'',0),(1161,'Emile Smith Rowe',42,'',0),(1231,'Vladimír Coufal',48,'',0),(1243,'Tomáš Souček',48,'',0),(1427,'Albert Sambi Lokonga',42,'',0),(1438,'Bernd Leno',36,'',0),(1440,'Rob Holding',42,'',0),(1452,'Mohamed Elneny',42,'',0),(1455,'Alex Iwobi',45,'',0),(1460,'Bukayo Saka',42,'',0),(1463,'Joe Willock',34,'',0),(1464,'Granit Xhaka',42,'',0),(1468,'Edward Nketiah',42,'',0),(1469,'Danny Welbeck',51,'',0),(1485,'Bruno Fernandes',33,'',0),(1566,'Emerson Royal',47,'',0),(1590,'José Sá',39,'',0),(1605,'Daniel Podence',39,'',0),(1697,'Pablo Fornals',48,'',0),(1746,'Joe Worrall',65,'',0),(1835,'Thomas Strakosha',55,'',0),(1864,'Pedro Neto',39,'',0),(1904,'Boubacar Kamara',66,'',0),(1946,'Leandro Trossard',51,'',0),(2061,'Bryan Gil',47,'',0),(2114,'Moussa Djenepo',41,'',0),(2165,'Vitaliy Mykolenko',45,'',0),(2273,'Kepa Arrizabalaga',49,'',0),(2280,'César Azpilicueta',49,'',0),(2289,'Jorginho',49,'',0),(2290,'N\'Golo Kanté',49,'',0),(2291,'Mateo Kovačić',49,'',0),(2292,'Ruben Loftus-Cheek',49,'',0),(2467,'Lisandro Martínez',33,'',0),(2473,'Manuel Lanzini',48,'',0),(2484,'Yerry Mina',45,'',0),(2489,'Luis Díaz',40,'',0),(2490,'Jefferson Lerma',35,'',0),(2507,'Miguel Almirón',34,'',0),(2597,'Takehiro Tomiyasu',42,'',0),(2676,'Rúben Neves',39,'',0),(2724,'Lucas Digne',66,'',0),(2726,'Kurt Zouma',48,'',0),(2734,'Philip Billing',35,'',0),(2735,'Pierre-Emile Højbjerg',47,'',0),(2778,'Kelechi Iheanacho',46,'',0),(2806,'Fabian Schär',34,'',0),(2825,'Aleksandar Mitrović',36,'',0),(2852,'Ludwig Augustinsson',66,'',0),(2920,'Timothy Castagne',46,'',0),(2922,'Leander Dendoncker',39,'',0),(2925,'Dennis Praet',46,'',0),(2926,'Youri Tielemans',46,'',0),(2931,'Tom Heaton',33,'',0),(2932,'Jordan Pickford',45,'',0),(2933,'Ben Chilwell',49,'',0),(2934,'Michael Keane',45,'',0),(2935,'Harry Maguire',33,'',0),(2936,'James Tarkowski',45,'',0),(2937,'Declan Rice',48,'',0),(2938,'James Ward-Prowse',41,'',0),(2939,'Callum Wilson',34,'',0),(2986,'Edouard Mendy',49,'',0),(2997,'Łukasz Fabiański',48,'',0),(2999,'Jan Bednarek',41,'',0),(3008,'Mateusz Klich',63,'',0),(3240,'Jean-Philippe Gbamin',45,'',0),(3246,'Nicolas Pépé',42,'',0),(3421,'Daniel Amartey',46,'',0),(6009,'Julián Álvarez',50,'',0),(6716,'Alexis Mac Allister',51,'',0),(8598,'Taiwo Awoniyi',65,'',0),(10135,'Bruno Guimarães',34,'',0),(15745,'Mads Roerslev Rasmussen',55,'',0),(15799,'Frank Onyeka',55,'',0),(17365,'Harry Toffolo',65,'',0),(17736,'Daniel Iversen',46,'',0),(18146,'Danny Ward',46,'',0),(18739,'Willy Boly',39,'',0),(18740,'Jonny Otto',39,'',0),(18741,'Conor Coady',39,'',0),(18742,'Matt Doherty',47,'',0),(18744,'Max Kilman',39,'',0),(18745,'Rúben Vinagre',45,'',0),(18746,'Morgan Gibbs-White',39,'',0),(18772,'Jonny Evans',46,'',0),(18776,'Çağlar Söyüncü',46,'',0),(18777,'Marc Albrighton',46,'',0),(18781,'Demarai Gray',45,'',0),(18784,'James Maddison',46,'',0),(18785,'Nampalys Mendy',46,'',0),(18786,'Wilfred Ndidi',46,'',0),(18788,'Jamie Vardy',46,'',0),(18805,'Abdoulaye Doucouré',45,'',0),(18812,'Adrián',40,'',0),(18813,'Aaron Cresswell',48,'',0),(18819,'Michail Antonio',48,'',0),(18820,'Conor Coventry',48,'',0),(18823,'Ben Johnson',48,'',0),(18836,'Wayne Hennessey',65,'',0),(18846,'Aaron Wan-Bissaka',33,'',0),(18858,'Asmir Begović',45,'',0),(18860,'Mark Travers',35,'',0),(18861,'Nathan Aké',50,'',0),(18866,'Chris Mepham',35,'',0),(18869,'Adam Smith',35,'',0),(18872,'Lewis Cook',35,'',0),(18873,'Ryan Fraser',34,'',0),(18878,'Junior Stanislas',35,'',0),(18883,'Dominic Solanke',35,'',0),(18884,'Sam Surridge',65,'',0),(18886,'Martin Dúbravka',34,'',0),(18892,'Paul Dummett',34,'',0),(18901,'Sean Longstaff',34,'',0),(18903,'Matt Ritchie',34,'',0),(18906,'Ayoze Pérez',46,'',0),(18911,'Nick Pope',34,'',0),(18917,'Ben Mee',55,'',0),(18929,'Dwight McNeil',45,'',0),(18931,'Chris Wood',34,'',0),(18932,'Fraser Forster',47,'',0),(18935,'Alex McCarthy',41,'',0),(18940,'Jack Stephens',41,'',0),(18941,'Matt Targett',34,'',0),(18942,'Yan Valery',41,'',0),(18945,'Stuart Armstrong',41,'',0),(18946,'Mohamed Elyounoussi',41,'',0),(18948,'Nathan Redmond',41,'',0),(18949,'Oriol Romeu',41,'',0),(18955,'Danny Ings',66,'',0),(18959,'Robert Sánchez',51,'',0),(18960,'Jason Steele',51,'',0),(18961,'Dan Burn',34,'',0),(18962,'Shane Duffy',36,'',0),(18963,'Lewis Dunk',51,'',0),(18968,'Yves Bissouma',47,'',0),(18970,'Pascal Groß',51,'',0),(18973,'Solly March',51,'',0),(19004,'Bobby Reid',36,'',0),(19016,'Calum Chambers',66,'',0),(19023,'Tim Ream',36,'',0),(19025,'Tom Cairney',36,'',0),(19027,'Neeskens Kebano',36,'',0),(19032,'Ryan Sessegnon',47,'',0),(19035,'Harvey Elliott',40,'',0),(19071,'Emiliano Buendía',66,'',0),(19073,'Ben Godfrey',45,'',0),(19088,'Dean Henderson',65,'',0),(19124,'Pontus Jansson',55,'',0),(19128,'Jack Harrison',63,'',0),(19130,'Kalvin Phillips',50,'',0),(19134,'Patrick Bamford',63,'',0),(19145,'Tosin Adarabioyo',36,'',0),(19150,'Mason Holgate',45,'',0),(19163,'Jacob Murphy',34,'',0),(19173,'Matija Šarkić',39,'',0),(19179,'Tyrone Mings',66,'',0),(19187,'Jack Grealish',50,'',0),(19191,'John McGinn',66,'',0),(19192,'Jacob Ramsey',66,'',0),(19220,'Mason Mount',49,'',0),(19229,'Darren Randolph',48,'',0),(19235,'Djed Spence',47,'',0),(19245,'Marcus Tavernier',35,'',0),(19263,'Lloyd Kelly',35,'',0),(19265,'Adam Webster',51,'',0),(19298,'Matty Cash',66,'',0),(19299,'Jack Colback',65,'',0),(19345,'Mads Bech Sørensen',55,'',0),(19346,'Rico Henry',55,'',0),(19354,'Ezri Konsa',66,'',0),(19356,'Emiliano Marcondes',35,'',0),(19361,'Saïd Benrahma',48,'',0),(19362,'Joshua Dasilva',55,'',0),(19364,'Neal Maupay',51,'',0),(19366,'Ollie Watkins',66,'',0),(19428,'Jarrod Bowen',48,'',0),(19454,'Ben Pearson',35,'',0),(19465,'David Raya',55,'',0),(19480,'Harrison Reed',36,'',0),(19484,'Adam Armstrong',41,'',0),(19495,'Nathan Collins',39,'',0),(19524,'Che Adams',41,'',0),(19545,'Reece James',49,'',0),(19549,'Antonee Robinson',36,'',0),(19569,'Joe Gelhardt',63,'',0),(19599,'Emiliano Martínez',66,'',0),(19657,'Marek Rodák',36,'',0),(19720,'Trevoh Chalobah',49,'',0),(19733,'Flynn Downes',48,'',0),(19760,'James Justin',46,'',0),(19769,'Jack Stacey',35,'',0),(19804,'Kieffer Moore',35,'',0),(19824,'Jordan Zemura',35,'',0),(19825,'Joe Aribo',41,'',0),(19842,'Lyle Taylor',65,'',0),(19959,'Benjamin White',42,'',0),(19964,'Siriki Dembélé',35,'',0),(19974,'Ivan Toney',55,'',0),(20093,'James Hill',35,'',0),(20110,'Shandon Baptiste',55,'',0),(20355,'Aaron Ramsdale',42,'',0),(20503,'Lewis O\'Brien',65,'',0),(20557,'Ibrahima Diallo',41,'',0),(20589,'Bryan Mbeumo',55,'',0),(20600,'Romain Perraud',41,'',0),(20619,'Illan Meslier',63,'',0),(20649,'Yoane Wissa',55,'',0),(21090,'Diego Carlos',66,'',0),(21138,'Rayan Aït Nouri',39,'',0),(22090,'William Saliba',42,'',0),(22094,'Wesley Fofana',46,'',0),(22173,'Allan Saint-Maximin',34,'',0),(22224,'Gabriel Magalhães',42,'',0),(24882,'Orel Mangala',65,'',0),(24888,'Hee-Chan Hwang',39,'',0),(25004,'Stefan Ortega',50,'',0),(25061,'Armel Bella-Kotchap',41,'',0),(25073,'Vitaly Janelt',55,'',0),(25916,'Moussa Niakhaté',65,'',0),(26238,'Robin Koch',63,'',0),(26475,'Deniz Undav',51,'',0),(30407,'Christian Nørgaard',55,'',0),(30435,'Dejan Kulusevski',47,'',0),(30544,'Gianluca Scamacca',48,'',0),(30776,'Cristian Romero',47,'',0),(36922,'Sepp van den Berg',40,'',0),(37127,'Martin Ødegaard',42,'',0),(37145,'Tyrell Malacia',33,'',0),(37440,'Halil Dervişoğlu',55,'',0),(37724,'Crysencio Summerville',63,'',0),(38695,'Jan Paul van Hecke',51,'',0),(38734,'Sven Botman',34,'',0),(39105,'Kristoffer Klaesson',63,'',0),(40401,'Cafú',65,'',0),(41104,'João Palhinha',36,'',0),(44811,'Scott McKenna',65,'',0),(44871,'Aaron Hickey',55,'',0),(47302,'Diego Llorente',63,'',0),(47341,'Marc Roca',63,'',0),(47380,'Marc Cucurella',49,'',0),(47438,'Mathias Jensen',55,'',0),(47480,'Mohammed Salisu',41,'',0),(47522,'Douglas Luiz',66,'',0),(50739,'Brenden Aaronson',63,'',0),(50999,'Matt Turner',42,'',0),(51617,'Darwin Núñez',40,'',0),(61178,'Connor Ronan',39,'',0),(64003,'Pascal Struijk',63,'',0),(67972,'Conor Gallagher',49,'',0),(84081,'Giulian Biancone',65,'',0),(105971,'Gavin Bazunu',41,'',0),(106725,'Keane Lewis-Potter',55,'',0),(106835,'Kaoru Mitoma',51,'',0),(116117,'Moisés Caicedo',51,'',0),(127769,'Gabriel Martinelli',42,'',0),(129707,'Tyrese Francois',36,'',0),(129711,'Brennan Johnson',65,'',0),(129712,'Alex Mighten',65,'',0),(137302,'Cameron Archer',66,'',0),(138417,'Nathan Patterson',45,'',0),(138780,'Neco Williams',65,'',0),(138787,'Anthony Gordon',45,'',0),(138815,'Tariq Lamptey',51,'',0),(138822,'Armando Broja',49,'',0),(138908,'Elliot Anderson',34,'',0),(148099,'Kiernan Dewsbury-Hall',46,'',0),(149564,'Luke Cundle',39,'',0),(151756,'Will Dennis',35,'',0),(152953,'Levi Colwill',51,'',0),(152969,'Luke Thomas',46,'',0),(152982,'Cole Palmer',50,'',0),(153066,'Fabio Carvalho',40,'',0),(153077,'Luke Harris',36,'',0),(153400,'Sam Greenwood',63,'',0),(153411,'Cody Drameh',63,'',0),(153430,'Anthony Elanga',33,'',0),(158432,'Chem Campbell',39,'',0),(171058,'Harrison Ashby',48,'',0),(191971,'Jay Stansfield',36,'',0),(195106,'Rodrigo Muniz',36,'',0),(195717,'Yerson Mosquera',39,'',0),(196855,'Jaidon Anthony',35,'',0),(202086,'Jeremy Sarmiento',51,'',0),(204033,'Joe Hodge',39,'',0),(276263,'Finley Stevens',55,'',0),(278128,'Josh Wilson-Esbrand',50,'',0),(280687,'Hugo Bueno',39,'',0),(282124,'Darko Gyabi',63,'',0),(282125,'Roméo Lavia',41,'',0),(284187,'Stanley Mills',45,'',0),(284230,'Rico Lewis',50,'',0),(284266,'Lewis Warrington',45,'',0),(284324,'Alejandro Garnacho',33,'',0),(284366,'Luke Chambers',40,'',0),(297187,'Leo Fuhr Hjelde',63,'',0),(310187,'Stefan Bajčetić',40,'',0),(325967,'Oliver Hammond',65,'',0),(328089,'Archie Gray',63,'',0);
/*!40000 ALTER TABLE `player` ENABLE KEYS */;
UNLOCK TABLES;

--
-- Table structure for table `player_position`
--

DROP TABLE IF EXISTS `player_position`;
/*!40101 SET @saved_cs_client     = @@character_set_client */;
/*!50503 SET character_set_client = utf8mb4 */;
CREATE TABLE `player_position` (
  `id` int NOT NULL,
  `position_name` varchar(16) NOT NULL,
  PRIMARY KEY (`id`)
) ENGINE=InnoDB DEFAULT CHARSET=utf8mb4 COLLATE=utf8mb4_0900_ai_ci;
/*!40101 SET character_set_client = @saved_cs_client */;

--
-- Dumping data for table `player_position`
--

LOCK TABLES `player_position` WRITE;
/*!40000 ALTER TABLE `player_position` DISABLE KEYS */;
/*!40000 ALTER TABLE `player_position` ENABLE KEYS */;
UNLOCK TABLES;

--
-- Table structure for table `users`
--

DROP TABLE IF EXISTS `users`;
/*!40101 SET @saved_cs_client     = @@character_set_client */;
/*!50503 SET character_set_client = utf8mb4 */;
CREATE TABLE `users` (
  `username` varchar(32) NOT NULL,
  `first_name` varchar(32) NOT NULL,
  `last_name` varchar(32) NOT NULL,
  `date_of_birth` date NOT NULL,
  `password` varchar(32) NOT NULL,
  PRIMARY KEY (`username`)
) ENGINE=InnoDB DEFAULT CHARSET=utf8mb4 COLLATE=utf8mb4_0900_ai_ci;
/*!40101 SET character_set_client = @saved_cs_client */;

--
-- Dumping data for table `users`
--

LOCK TABLES `users` WRITE;
/*!40000 ALTER TABLE `users` DISABLE KEYS */;
/*!40000 ALTER TABLE `users` ENABLE KEYS */;
UNLOCK TABLES;

--
-- Table structure for table `venue`
--

DROP TABLE IF EXISTS `venue`;
/*!40101 SET @saved_cs_client     = @@character_set_client */;
/*!50503 SET character_set_client = utf8mb4 */;
CREATE TABLE `venue` (
  `id` int NOT NULL,
  `name` varchar(128) NOT NULL,
  `address` varchar(256) DEFAULT NULL,
  `country` varchar(32) NOT NULL,
  `capacity` int DEFAULT NULL,
  PRIMARY KEY (`id`)
) ENGINE=InnoDB DEFAULT CHARSET=utf8mb4 COLLATE=utf8mb4_0900_ai_ci;
/*!40101 SET character_set_client = @saved_cs_client */;

--
-- Dumping data for table `venue`
--

LOCK TABLES `venue` WRITE;
/*!40000 ALTER TABLE `venue` DISABLE KEYS */;
INSERT INTO `venue` VALUES (489,'Wembley Stadium','Stadium Way, Wembley, Brent','England',90000),(490,'Wham Stadium','Livingston Road','England',5397),(491,'Mill Farm Stadium','Coronation Way','England',6000),(493,'Electrical Services Stadium','High Street','England',7100),(494,'Emirates Stadium','Queensland Road','England',60383),(495,'Villa Park','Trinity Road','England',42788),(496,'The Hive Stadium','Camrose Avenue, Canons Park, Edgware','England',6418),(497,'Oakwell','Grove Street','England',23009),(500,'Ewood Park','Nuttall Street','England',31367),(501,'Bloomfield Road','Seasiders Way','England',17625),(502,'University of Bolton Stadium','Burnden Way','England',28723),(503,'Meadow Park','Broughinge Road','England',4502),(504,'Vitality Stadium','Dean Court, Kings Park','England',12000),(507,'Griffin Park','Braemar Road, London Borough of Hounslow','England',12763),(508,'The American Express Community Stadium','Village Way','England',31800),(509,'Ashton Gate','Ashton Road','England',27000),(510,'Memorial Stadium','Filton Avenue, Horfield','England',11916),(511,'Hayes Lane','Hayes Lane, Bromley','England',5000),(512,'Turf Moor','Harry Potts Way','England',22546),(513,'Pirelli Stadium','Princess Way','England',6912),(514,'Gigg Lane','Gigg Lane','England',11840),(515,'Abbey Stadium','Newmarket Road','England',10847),(516,'Cardiff City Stadium','Leckwith Road','England',33280),(517,'Brunton Park','Warwick Road','England',18202),(518,'The Valley','Floyd Road, Charlton','England',27111),(519,'Stamford Bridge','Fulham Road','England',41841),(522,'JobServe Community Stadium','United Way','England',10083),(525,'Selhurst Park','Holmesdale Road','England',26309),(526,'Chigwell Construction Stadium','Victoria Road','England',6078),(527,'Pride Park Stadium','Pride Park, Royal Way','England',33597),(529,'The Perrys Crabble Stadium','Lewisham Road, River','England',6500),(530,'Silverlake Stadium','Stoneham Lane','England',5250),(532,'St James Park','Stadium Way','England',8830),(533,'Highbury Stadium','Park Avenue','England',5327),(535,'Craven Cottage','Stevenage Road','England',25700),(536,'Gateshead International Stadium','Neilson Road','England',11750),(538,'Blundell Park','Blundell Park','England',9546),(539,'The Shay Stadium','Skircoat Road','England',10061),(543,'John Smith\'s Stadium','Stadium Way','England',24554),(545,'Portman Road','Portman Road','England',30311),(546,'Elland Road','Elland Road','England',40204),(547,'King Power Stadium','Filbert Way','England',34310),(550,'Anfield','Anfield Road','England',55212),(551,'Kenilworth Road','1 Maple Road','England',10226),(553,'York Road Stadium','York Road','England',4000),(554,'Gallagher Stadium','James Whatman Way','England',4200),(555,'Etihad Stadium','Rowsley Street','England',55097),(556,'Old Trafford','Sir Matt Busby Way','England',76212),(557,'One Call Stadium','Quarry Lane','England',8186),(558,'Riverside Stadium','Dockside Road','England',34988),(559,'The Den','Zampa Road, Bermondsey','England',20146),(560,'Stadium mk','Stadium Way West','England',30500),(562,'St. James\' Park','St. James&apos; Street','England',52389),(565,'Carrow Road','Carrow Road','England',27606),(566,'The City Ground','Pavilion Road','England',30576),(567,'Meadow Lane','Meadow Lane','England',19588),(568,'Boundary Park','Furtherwood Road, Royton','England',10638),(569,'The Kassam Stadium','Grenoble Road','England',12500),(570,'Weston Homes Stadium','London Road','England',15142),(571,'Home Park','Gilbert Lane','England',19500),(572,'Vale Park','Hamil Road, Burslem','England',19052),(573,'Fratton Park','Frogmore Road','England',20821),(574,'Deepdale','Deepdale Road','England',23408),(577,'Crown Oil Arena','Sandy Lane','England',10249),(578,'AESSEAL New York Stadium','Don Street','England',12021),(579,'The Peninsula Stadium','Moor Lane','England',5100),(581,'Bramall Lane','Bramall Lane','England',32702),(582,'Hillsborough','Penistone Road North, Hillsborough','England',39814),(583,'Montgomery Waters Meadow','Oteley Road','England',10361),(585,'St. Mary\'s Stadium','Britannia Road','England',32689),(586,'Roots Hall','Victoria Avenue, Prittlewell','England',12392),(587,'The Lamex Stadium','Broadhall Way','England',7100),(588,'bet365 Stadium','Stanley Matthews Way','England',30089),(589,'Stadium of Light','Millenium Way','England',49000),(592,'The County Ground','County Road','England',15728),(593,'Tottenham Hotspur Stadium','Bill Nicholson Way, 748 High Road','England',62850),(594,'Prenton Park','Prenton Road West','England',16567),(596,'Vicarage Road','Vicarage Road','England',22200),(597,'The Hawthorns','Halfords Lane','England',28003),(598,'London Stadium','Marshgate Lane, Stratford','England',62500),(599,'DW Stadium','Robin Park, Loire Drive','England',25138),(600,'Molineux Stadium','Waterloo Road','England',32050),(602,'Adams Park','Hillbottom Road','England',10000),(603,'Huish Park Stadium','Lufton Way, Lufton','England',9665),(2689,'The Laithwaite Community Stadium','Kingfield Road','England',6036),(2690,'Lookers Vauxhall Stadium','Bumpers Lane','England',5376),(2691,'Nethermoor Park','Otley Road','England',3000),(2692,'Plainmoor Ground','Marnham Road, Plainmoor','England',6104),(2693,'Eon Visual Media Stadium','Church Road','England',2700),(2694,'Haig Avenue','Haig Avenue','England',6008),(3526,'The Impact Arena','North Street','England',3600),(3527,'AGP Arena','Blunts Wall Road','England',3500),(3528,'The Chorley Group Victory Park Stadium','Duke Street','England',4100),(3529,'Beveree Stadium','Beaver Close','England',3350),(3530,'Coles Park','Tottenham, Borough of Haringey','England',2710),(3531,'Top Field','Fishponds Road','England',4000),(3532,'Imber Court','Ember Lane','England',3000),(3533,'Court Place Farm','Marsh Road, Marston','England',2000),(3534,'Arbour Park','Stoke Road','England',2084),(3535,'Edgeley Park','Hardcastle Road, Edgeley','England',10852),(3536,'Woodspring Stadium','Winterstoke Road','England',3000),(3537,'New Bucks Head Ground','Watling Street, Wellington','England',6300),(3539,'Princes Park','Darenth Road, Grassbanks','England',4100),(3540,'The Gainsborough Martin & Co Arena','North Street','England',4304),(3541,'Edgar Street Athletic Ground','Edgar Street','England',8843),(3543,'Ewen Fields','Grange Road','England',4100),(3544,'Aggborough Stadium','Hoo Road','England',6453),(3545,'Fetcham Grove','Guildford Road','England',3400),(3546,'The Weaver Stadium','Water Lode','England',3500),(3547,'Sheerien Park','Ollerton Road, Athersley North','England',2000),(3549,'The J. Davidson Stadium','Moss Lane','England',6085),(3551,'The Meadow','Amy Lane','England',2000),(3552,'Tameside Stadium','Richmond Street','England',4000),(3553,'Priory Lane Stadium','Priory Lane, Langney','England',5644),(3554,'Earlsmead Stadium','Carlyon Avenue','England',3070),(3555,'Moatside Stadium','Weldon Way','England',2000),(3556,'The Brewery Field','Wood Vue','England',6000),(3557,'Clarence Park','York Road','England',4500),(3558,'The Zeeco Stadium','Ryhall Road','England',2000),(3559,'War Memorial Athletic Ground','High Street, Amblecote','England',3550),(3560,'Cygnet Health Care Stadium','Wordsworth Drive','England',2500),(3561,'The Enclosed Ground','East Brighton Park / Off Wilsons Avenue','England',2000),(4940,'Shielfield Park','Etal Road, Tweedmouth','England',4476),(5201,'Colney Training Centre','Hethersett Lane','England',1000),(5202,'Bodymoor Heath Training Ground','Bond Street, Nr. Tamworth','England',1000),(5205,'Motspur Park','Motspur Park','England',2000),(5206,'Liverpoolu2019s Academy Ground','The Liverpool Way, Kirkby','England',1000),(5208,'Staplewood Training Ground','Long Lane, Marchwood','England',3000),(5210,'The Homelands','Ashford Road, Kingsnorth','England',3535),(5211,'Parkside Stadium','Park Lane','England',1500),(5212,'Mayesbrook Park','Lodge Avenue','England',2500),(5213,'Mill Road','Mill Road','England',5000),(5214,'The Gardiners Close Stadium','Gardiners Close','England',4000),(5215,'Bedfont Sports Recreation Ground','Hatton Road','England',3000),(5216,'The Oval','Coventry Road','England',3000),(5217,'Broadwater','Broadwater','England',2500),(5218,'The Sports Ground','Kingsley Road','England',2000),(5219,'The Brentwood Centre Arena','Doddinghurst Road','England',1000),(5220,'Leylands Park','Maple Drive','England',2000),(5222,'High Road','High Road','England',2000),(5223,'The Causeway','Edge Hills Road, Hilldene','England',3500),(5224,'Steel Park','Rockingham Road','England',3893),(5225,'NPower Loop Meadow Stadium','Bowmont Water','England',3000),(5226,'Butcher\'s Arms Ground','Market Street, Tameside','England',3000),(5228,'The Stadium Cheshunt','Theobalds Lane','England',3000),(5229,'AlderSmith Stadium','Badgers Hill, Berkley Road','England',5000),(5230,'The Amdec Forklift Stadium','Surrey Street','England',2374),(5231,'Burroughs Park','Burroughs Park','England',3500),(5232,'Footes Lane Stadium','Footes Lane','England',5000),(5233,'The Pilot Field','Elphinstone Road','England',4050),(5235,'Save On Tyres Stadium','None','England',1000),(5236,'Reachfields Stadium','Fort Road','England',3000),(5237,'New Manor Ground','Awsworth Road','England',3500),(5239,'The Plain Ham Ground','Larkhall','England',1000),(5240,'Harrison Park','Macclesfield Road','England',3600),(5241,'Greenfields Sports Ground','Greenfields Lane','England',1000),(5242,'infiLED Arena','Snowberry Lane','England',1000),(5246,'Phoenix Sports FC Ground','Mayplace Road East','England',1000),(5247,'Mill Lane','Mill Lane','England',2000),(5251,'King George\'s Field','Whitehall Lane, South Park','England',700),(5252,'Bracken Moor','Bracken Moor Lane','England',3500),(5253,'Central Ground','Coles Lane','England',2000),(5254,'Waterside Park','Chamberhouse Mill Lane','England',1500),(5255,'Chadfields','St. Chads Road','England',4000),(5256,'Imperial Fields','Bishopsford Road','England',3500),(5257,'Honeycroft','Horton Road, West Drayton','England',3770),(5258,'The Oakwood','Old Road','England',1400),(5259,'Capershotts','Sewardstone','England',3500),(5260,'Alfredian Park','None','England',1500),(5261,'Woking Park','Westfield','England',1000),(5262,'Church Road','Church Road','England',2000),(5263,'The Stan Robinson Stadium','Silver Street','England',1000),(5264,'Simarco Stadium','Spa Road','England',2500),(5265,'Borough Park','New Bridge Road','England',3101),(5477,'Creasey Park Community Football Centre','Creasey Park Drive','England',3200),(5478,'Hillgrounds Leisure','Hillgrounds Leisure, Hillgrounds Road','England',2000),(5480,'The Robert Parker Stadium','Short Lane','England',2550),(5481,'Sharpenhoe Road','Sharpenhoe Road','England',4000),(5483,'The New Eyrie','Meadow Lane','England',4000),(5484,'Christchurch Meadow','Bridge Street','England',2400),(5485,'The Carlsberg Stadium','Langford Road','England',3000),(5486,'Larges Lane','Larges Lane','England',2500),(5487,'The Yorkshire Payments Stadium','St Giles Road','England',800),(5488,'The Creek','Portway','England',2000),(5490,'The Frost Hire Stadium','Park Lane','England',4308),(5492,'Mill Meadow','Gravel Hill','England',1500),(5493,'The Scholars Ground','Church Street, Chasetown','England',2000),(5494,'Alwyns Lane Football Ground','Alwyns Lane','England',2500),(5495,'Oaklands Park','Oaklands Way','England',2000),(5496,'The Corinium Stadium','Kingshill Lane','England',4500),(5497,'Berry Street Garage Stadium','Vesty Road','England',2500),(5499,'Shawbridge','off Pendle Road','England',2000),(5500,'West Street','West Street','England',1000),(5501,'Pack Meadow','Packington Lane','England',2070),(5503,'DGS Marine Stadium','Middle Park Avenue, Eltham','England',1000),(5504,'Communications Park','Browns Road','England',5000),(5505,'Aldiss Park','None','England',3000),(5506,'UTS Stadium','Wellington Road, Dunston','England',2500),(5507,'The Spiers & Hartwell Jubilee Stadium','Cheltenham Road','England',2000),(5509,'The Goldstar Ground','Dellwood Avenue','England',2000),(5510,'Westfield Lane Stadium','Westfield Lane','England',2087),(5511,'The Grove','Old Hawne Lane','England',5000),(5512,'The Powerday Stadium','Perivale, Borough of Ealing','England',2000),(5514,'Hanbury Park','3 Allen Road','England',5000),(5515,'Hertingfordbury Park','West Street','England',6500),(5516,'Lower Road','Lower Road','England',1000),(5517,'Yarnton Road','Yarnton Road','England',1500),(5519,'Sun Hat Villas & Resorts Stadium','Ashby Avenue','England',2200),(5520,'Nanpantan Sports Ground','Nanpantan Road','England',1500),(5521,'Wallace Binder Stadium','Park Drive','England',2000),(5522,'Cossham Street Stadium','Cossham Street','England',2500),(5523,'The Marine Travel Arena','College Road','England',2800),(5524,'Alfred Davis Memorial Ground','Oak Tree Road','England',1500),(5525,'GER Stadium','Mount Pleasant Avenue','England',2500),(5526,'Moneyfields Sports Ground','Dover Road &amp; Moneyfields Avenue','England',2000),(5527,'Seel Park','Market Street','England',4000),(5528,'Eynsham Hall Park','Nursery Road','England',426),(5529,'The Stade France Ingfield','Prospect Road','England',2000),(5530,'Valerie Park','Eaton Street / Hope Street','England',3200),(5531,'The Harry Williams Riverside Stadium','Acrebottom','England',2000),(5533,'Millbank Linnets Stadium','Murdishaw Avenue','England',1600),(5534,'The Coach and Horses Ground','Sheffield Road','England',2089),(5535,'Mackoy Stadium','Portsmouth Road, Old Netley, Sholing','England',1000),(5536,'Thornhill Park','Wisloe Road','England',1500),(5537,'Julius Martin Lane','Julius Martin Lane','England',2000),(5538,'Sir Halley Stewart Field','Winfrey Avenue','England',3500),(5540,'Wheatsheaf Park','Wheatsheaf Lane','England',3002),(5542,'ASM Stadium','Tythrop Way (Kingsey Road)','England',2500),(5543,'Jubilee Field','Three Bridges Road, Three Bridges','England',1500),(5544,'Shawe View','Pennybridge Lane','England',2500),(5545,'Wodson Park','Wadesmill Road','England',3300),(5547,'The Belmont Ground','Belmont Road','England',3000),(5548,'Select Security Stadium','Lowerhouse Lane','England',13350),(5550,'The Elgoods Fenland Stadium','Lynn Road, Walsoken','England',1118),(5552,'Hornchurch Stadium','Bridge Avenue, Upminster, Havering','England',3800),(5553,'Hayden Road','Hayden Road','England',1500),(5554,'Lye Meadow','Redditch Road','England',3000),(5555,'Hurst Cross','Surrey Street','England',4500),(5556,'The Skuna Stadium','Alder Street','England',2500),(5557,'Sir Tom Finney Stadium','Brownedge Road, Bamber Bridge','England',2264),(5559,'Kirkby Road','Kirkby Road','England',2500),(5560,'Greenwich Avenue','Greenwich Avenue, Basford','England',1000),(5561,'Holloways Park','Slough Road','England',3500),(5562,'ProKit UK Stadium','Dunmow Road','England',4525),(5563,'Gang Warily Community & Recreation Centre','Newlands Road','England',1500),(5564,'Nyewood Lane','Nyewood Lane','England',4000),(5565,'North Road','North Road','England',1000),(5566,'The Victoria Ground','Birmingham Road','England',4893),(5567,'The Silverlands','The Silverlands','England',5200),(5568,'War Memorial Sports Ground','Colston Avenue','England',5000),(5569,'Owen Street Sports Ground','Owen Street','England',1500),(5570,'King George\'s Field','Queen Mary Close, Tolworth','England',2700),(5571,'Clayson Stadium','Weymouth Avenue','England',5009),(5572,'Rookery Hill','Rookery Hill','England',4000),(5575,'The Fullicks Stadium','Cheriton Road','England',4000),(5576,'Privett Park','Privett Road','England',4500),(5577,'South Kesteven Stadium','Trent Road','England',7500),(5578,'The Memorial Playing Fields','Green Lane','England',2000),(5579,'The SKYex Community Stadium','Beaconsfield Road, Hayes, Hillingdon','England',2500),(5580,'Keys Park','Keys Park Road','England',6500),(5581,'Silver Jubilee Park','Townsend Lane, West Hendon','England',1990),(5582,'The Camping World Community Stadium','Worthing Road','England',1927),(5583,'The Orbital Fasteners Stadium','Hempstead Road','England',1000),(5584,'Giant Axe','West Road','England',3513),(5585,'Victory Road','Victory Road','England',2500),(5586,'The Dripping Pan','Mountfield Road','England',3000),(5587,'Crown Meadow','Love Road','England',2250),(5588,'Hartsdown Park','Hartsdown Road','England',2100),(5589,'The Proctor Cars Stadium','Causeway Lane','England',2757),(5591,'Don Amott Leisure Group Arena','Station Road','England',1500),(5592,'Craik Park','None','England',1637),(5593,'Bloomfields','Quinton Road','England',4000),(5594,'The A1 Gasforce Stadium','Liberty Way','England',6250),(5595,'Lincoln Road','651 Lincoln Road','England',1000),(5597,'The Pakex Stadium','Watkins Rise','England',2500),(5599,'The Valley Stadium','Bromsgrove Road, Batchley','England',5000),(5601,'Dales Lane','Daw End, Bosty Lane, Rushall','England',1400),(5602,'The Raymond McEnhill Stadium','Partridge Way, Old Sarum','England',5000),(5603,'Flamingo Land Stadium','Ashburn Road','England',2070),(5604,'Mariners Park','Shaftesbury Avenue','England',3500),(5606,'Marston Road','Marston Road','England',4150),(5607,'Bower Fold','Mottram Road','England',6500),(5608,'The Arden Garages Stadium','Knights Lane, Tiddington','England',2800),(5609,'The Webbs Wood Stadium','Supermarine Road','England',3000),(5610,'The Lamb Ground','Meadow Street, Kettlebrook','England',4065),(5611,'Ladysmead','Kenndy Way','England',3500),(5612,'Broadhurst Park','310 Lightbowne Road. Moston','England',4400),(5613,'Elmbridge Xcel Sports Hub','Waterside Drive','England',2000),(5614,'Cantilever Park','Common Lane','England',3500),(5615,'Turnbull Ground','Upgang Lane','England',3200),(5617,'The Maurice Rebak Stadium','Summers Lane, North Finchley','England',1500),(5619,'The A2B Stadium','Woodside Road','England',4000),(5770,'Hardenhuish Park','Bristol Road','England',2815),(5771,'Blackwell Meadows','Grange Road','England',3299),(5772,'Champion Hill Stadium','Edgar Kail Way, East Dulwich','England',3336),(6181,'Croft Park','Plessey Road','England',4450),(6182,'Horsfall Stadium','Cemetery Road','England',5000),(6183,'Throstle Nest','Bransby Rise, Newlands','England',3900),(6184,'Latimer Park','Polwell Lane, Burton Latimer','England',1500),(6185,'The Walks','Exton&apos;s Road','England',5733),(6186,'The Phillips 66 Community Stadium','Harbury Lane, Whitnash','England',2300),(6187,'Twerton Park Stadium','Dominion Road, Twerton','England',8840),(6189,'Meadowbank Stadium','Church Gardens','England',3000),(6190,'Vauxhall Road','Vauxhall Road','England',3152),(6191,'Bulpit Lane','Bulpit Lane','England',2500),(6192,'Longmead Stadium','Darenth Avenue','England',2500),(6194,'Park View Road','Park View Road','England',5500),(6195,'Bob Lucas Stadium','Radipole Lane','England',6600),(6196,'Townfield Lane','Townfield Lane, Barnton','England',1000),(6197,'Farm Park','Kingshill Avenue','England',1500),(6198,'Forest Town Stadium','Clipstone Road W, Forest Town','England',500),(6199,'Northcourt Road','None','England',2000),(6200,'Armadillo Stadium','Hitchin Road','England',2920),(6201,'Brocstedes Park','Brocstedes Road','England',1000),(6202,'Sheepy Road','Sheepy Road','England',3500),(6203,'Vestacare Stadium','White Bank Road','England',1500),(6204,'Cricklefield Stadium','486 High Road, Waltham Forest','England',3500),(6205,'Silentnight Stadium','Greenberfield Lane','England',1500),(6207,'Eden Park Avenue','374 Eden Park Avenue','England',1562),(6208,'Kayte Lane','Kayte Lane','England',1500),(6209,'Fairfax Park','College Way, Bath Road','England',2500),(6210,'The Gore','Wymers Wood Road','England',2500),(6212,'Mossie Park','Charter Lane','England',1500),(6214,'The Hand Stadium','Davis Lane','England',3900),(6215,'Cheshire Silk 106.9 Stadium','Booth Street, Ivy Gardens, off Crescent Road','England',1450),(6216,'Sphinx Drive','Sphinx Drive','England',1000),(6217,'The Haven Sportsfield','Hophurst Lane','England',1500),(6218,'The Saffrons Football Ground','Compton Place Road / Mead Road','England',4500),(6219,'The Runnymede Stadium','Wards Place','England',1565),(6222,'Calthorpe Park','Crookham Road','England',2000),(6223,'The Genix Healthcare Stadium','Brierlands Lane off Cedar Ridge','England',3000),(6224,'Victoria Pleasure Grounds','Marcus Street','England',3000),(6225,'The Moat Ground','Moat Street','England',2400),(6226,'Guildford Spectrum Athletics Stadium','None','England',1135),(6228,'Station View','Station View','England',3500),(6229,'Gorings Mead','Brighton Road','England',1500),(6231,'Bell Close','Lake Street','England',2800),(6232,'Litherland Sports Park','Bootle','England',1000),(6234,'Mildenhall Town Football Club Stadium','Recreation Way','England',2000),(6235,'The Herds Renault Stadium','Walton Road','England',4000),(6236,'Berkeley Fields','Berkeley Avenue, Greenford, Ealing','England',2000),(6237,'Plantation Park','Plantation Road, Biofield','England',3000),(6238,'Ruby Civil Arena','Well Street','England',1688),(6241,'Oakside Stadium','Station Road, Barkingside','England',3000),(6242,'Kiln Brow','None','England',1500),(6243,'Butlin Road','Butlin Road','England',6000),(6244,'Viridor Community Stadium','Sandy Lane','England',1530),(6245,'Rylands Recreation Club','Gorsey Lane','England',1000),(6246,'The Dovecote','Butthole Lane','England',2500),(6247,'Middle Road','Middle Road','England',1500),(6248,'The Meadowbank Ground','Shortwood Road, Shortwood','England',2000),(6249,'JMO Sports Park','Liverpool Road','England',1000),(6250,'The Brian Addison Stadium','School Road, Squires Gate','England',2000),(6251,'Walshes Meadow','Harrold Davies Drive','England',2000),(6252,'The Tannery Ground','Middle Brooks Street','England',1000),(6253,'The Beeches','Packwood Road','England',3000),(6256,'Dog & Duck Ground','London Road','England',2500),(6258,'Barton Stadium','Kingsway','England',7000),(6259,'Trafford Park','Skinners Lane','England',2000),(7728,'Victoria Park','Clarence Road','England',7856),(7730,'Hogwood Park Training Ground','Park Lane','England',1000),(7731,'Academy of Light Training Ground','Sunderland Road, Cleadon','England',1000),(7732,'The County Ground (Lancashire FA HQ)','Thurston Road','England',4000),(7733,'Holmes Park','Dog and Gun Lane, Whetstone','England',1030),(7734,'Heritage Park','Stadium Way','England',2004),(7735,'Clayton Wood Training Ground','Rosetree Avenue, Trent Vale','England',1000),(7736,'Eppleton Colliery Football Ground','Park View / Welfare Road','England',2000),(7737,'Palm Training Ground','430 Birmingham Road, Great Barr','England',1000),(7738,'Haywood Way','Haywood Way','England',1300),(7739,'Priory Park','None','England',3000),(7740,'Leslie Fields','Springfield Road','England',2000),(7741,'Esh Group Stadium','None','England',3000),(7742,'Weycourt Meadow','Wey Court, Meadrow','England',3000),(7743,'Church Lane','Church Lane','England',1400),(7744,'WareHouse Systems Stadium','Dimple Wells','England',3000),(7745,'The Love Lane Stadium','Love Lane','England',3000),(7746,'Welfare Ground','Kirklington Road','England',2000),(7747,'Cannon Park','None','England',2000),(7748,'Thurrock Hotel','Ship Lane, Grays','England',3500),(7749,'Tipton Sports Academy','None','England',1500),(7750,'Kirklands Stadium','St. Peters Road, Rock Ferry','England',1500),(7751,'The Keith Tuckey Stadium','None','England',3000),(7752,'Norton Cricket Club & Miners Welfare Institute','Community Drive, Smallthorne','England',2000),(7753,'Nene Park','None','England',6441),(7754,'Coronation Park','Chewton Street','England',2500),(7755,'The Greene King Stadium (De Montfort Park)','Leicester Road','England',4329),(7756,'Watnall Road','None','England',5000),(7757,'Belle Vue','Doncaster Road','England',12600),(7758,'Byfield Road','None','England',3000),(7759,'Crilly Park','None','England',1500),(7760,'Neil Rourke Memorial Stadium','None','England',2000),(7761,'The Portway Stadium','None','England',3000),(7762,'The Orchard','None','England',2100),(8560,'Goodison Park','Goodison Road','England',40569),(10503,'Gtech Community Stadium','166 Lionel Rd N, Brentford','England',17250),(10610,'LNER Stadium','Sincil Bank','England',10600),(10611,'The Aspen Waite Arena','Scraley Road, Heybridge','England',3000),(10612,'MEL Group Stadium','Brundon Lane','England',2500),(10613,'Winch\'s Field','Stanley Gardens','England',4000),(10614,'Glassworld Stadium','Bridge Road','England',3750),(10615,'Bill Stokeld Stadium','Stoke Lane, Gedling, Carlton','England',600),(10616,'Holt House Stadium','Holt House, Harrison Drive','England',1800),(10617,'Autonet Insurance Stadium','Hollinwood Road','England',2000),(10618,'Rowley Park Stadium','Kester Way','England',2000),(10619,'Wincham Park','Chapel Street, Wincham','England',4813),(10621,'ST & B Accountants Stadium','Parkside Road','England',2400),(10622,'Athletic Field','Winterfield Road, Paulton','England',2200),(10623,'Woodstock Park','Broadoak Road','England',1200),(10624,'Leading Drove','Leading Drove','England',1500),(10625,'Snows Stadium','Salisbury Road','England',3500),(10626,'Salters Lane','Salters Lane','England',2000),(10627,'Ingfield Stadium','Prospect Road','England',2000),(10628,'i2i Stadium','Ings Lane','England',1500),(10629,'Herns Way','Herns Way, Panshanger','England',1000),(10652,'Tatnam Ground','School Lane, Oakdale','England',2000),(10653,'The Cuthbury Stadium','Cowgrove Road','England',3250),(10654,'The Jelf Stadium','Lodge Road','England',6745),(10657,'Sandy Lane','Babbage Way / Sandy Lane','England',3200),(10659,'Banbury Plant Hire Community Stadium','Bridge Street','England',6500),(10660,'Queen Elizabeth II Stadium','Donkey Lane, off Carterhatch Lane, Enfield Town, Enfield','England',2000),(10661,'Neuven Stadium','Pilkington Road','England',3100),(10662,'Garden Walk','Garden Walk','England',4000),(10663,'Westwood Road','Westwood Road','England',2000),(10665,'Liberty Way','Liberty Way','England',6250),(10726,'Leigh Sports Village Stadium','Sale Way','England',11000),(10731,'Blue Flames Ground (Northumberland FA)','Whitley Road, Benton','England',1000),(11117,'Lotus Training Center','Hethersett Lane','England',1000),(11118,'Academy Stadium','400 Ashton New Road','England',7000),(11119,'Swansea City FC Youth Academy Training Centre','Beaufort Road, Plasmarl','England',1000),(11120,'Loughborough University Football Stadium','Loughborough University Road','England',2500),(11121,'Hull University Sports Ground','356 Inglemire Lane','England',1000),(11676,'Allpay Park','Widemarsh Common','England',2000),(11677,'The Simplyhealth City Ground','Hillier Way','England',4500),(11678,'McCulloch\'s Stadium','Roydon Road / Off Elizabeth Way','England',3500),(11680,'The Mayfield Stadium','Thornton Heath','England',1500),(11682,'Stoneham Lane Football Complex','Stoneham Lane','England',1000),(11683,'CKW Stadium','Castlecroft Road, Castlecroft','England',2000),(11684,'Addlestone Moor','Addlestone Moor','England',1000),(11685,'Arlesbury Park','New Alresford','England',1000),(11686,'Bonnymead Park','Recreation Road','England',1000),(11687,'Cropston Road','Cropston Road','England',2000),(11688,'The Playing Fields','Oxford Road','England',1000),(11689,'Ascot Racecourse','Winkfield Road','England',1150),(11691,'The Greenfleets Stadium','Haywood Way','England',1300),(11692,'Westfield Lane Stadium','Westfield Lane, Waverley','England',1000),(11693,'PMC Stadium','Eastern Road','England',1000),(11694,'Merland Rise','Merland Rise','England',4000),(11695,'The Euronics Ground','Pasture Road North / Marsh Lane','England',1500),(11696,'Glen Mex Stadium','Bashley Road, New Milton','England',4250),(11698,'Second Meadow','Fairfield Road','England',2000),(11699,'Bedford Terrace','Bedford Terrace','England',3000),(11700,'The Recreation Ground','Bath Road','England',1000),(11701,'Trevor Brown Memorial Ground','Church Road, Boldmere','England',2500),(11702,'Birch Park','Ontario Road, Bottesford','England',1000),(11703,'Victoria Park','Boundary Road / Namu Road','England',3000),(11704,'Bradford on Avon Sports and Social Club','Trowbridge Road','England',1000),(11705,'Brantham Leisure Centre','New Village','England',1200),(11706,'St. Mary\'s Field','None','England',1500),(11707,'Brimscombe & Thrupp FC Ground','The Meadow London Road Brimscombe','England',1000),(11708,'Brislington Stadium','Ironmould Lane','England',3000),(11709,'Broadbridge Heath Leisure Centre','Wickhurst Lane, Broadbridge Heath','England',1000),(11710,'Rayners Lane','Lucas Avenue','England',1000),(11711,'Meadens Skoda Arena','Grigg Lane','England',2000),(11712,'Homers Heath','Kingskerswell Road','England',1000),(11713,'Hounslow Sports Club','Green Lane, Hounslow','England',1000),(11714,'Springfield','Cadbury Heath Road','England',2000),(11715,'Krooner Park','Krooner Road','England',2500),(11716,'The Ridings','Wickwar Road','England',1000),(11717,'Hurn Bridge Sports Ground','None','England',2000),(11718,'The Rush Green Bowl','None','England',1500),(11719,'Terence MacMillan Stadium','281 Prince Regent Lane','England',2000),(11720,'Leg O\'Mutton Field','Downside Bridge Road','England',2000),(11721,'Cockfosters Sport Ground','Chalk Lane, Barnet','England',1000),(11722,'Wibbandune Sports Ground','Kingston By Passm, Borough of Merton','England',2000),(11723,'The Recreation Ground','High Street','England',1000),(11724,'Belle Vue Park','Delves Lane','England',4000),(11725,'Butts Park Arena','Butts Road, Spon End','England',3000),(11726,'Westwood Park','None','England',500),(11727,'The Brache','307 Park Street','England',1000),(11728,'The Lawns','Station Road, Henbury','England',1000),(11729,'Crowborough Community Stadium','Fermor Road','England',2000),(11730,'The Charles Sports Ground','St Leonards Road','England',1000),(11731,'Deeping Sports Club','Outgang Road','England',2000),(11732,'Waterworks Field','Braybrooke Road','England',1000),(11733,'Addison Road','Addison Road','England',1000),(11734,'Lashmar Recreation Ground','Roundstone Drive','England',2000),(11735,'The Oval','Channel View Road','England',4100),(11736,'Mitton Group Stadium','Kingsway','England',2225),(11737,'The Unwin Ground','Downham Road','England',2000),(11738,'King George V Ground','Southern Road','England',1000),(11739,'The Alfred Hall Memorial Ground','Hall Road','England',1000),(11740,'Cinder Lane','Cinder Lane','England',1500),(11741,'Cams Alders Stadium','None','England',5500),(11742,'St Paulsu2019 Sports Ground','Salter Road, London Borough of Southwark','England',1000),(11743,'Wilks Park','Heath End Road','England',1000),(11744,'The Frimley Green Recreation Ground','None','England',2000),(11745,'Foxbury Avenue','None','England',1000),(11746,'Bearscroft Lane','Bearscroft Lane','England',1050),(11747,'Emerald Park','Woodfarm Lane','England',3000),(11748,'Bradley Community Stadium','Bradley Road','England',1000),(11749,'King George V Ground','None','England',3500),(11750,'Millfield','Tinkers Lane','England',3000),(11751,'Hadley Sports Ground','Brickfield Lane, Arkley, Barnet','England',1000),(11752,'The Hallen Centre','Moorhouse Lane','England',2000),(11753,'The Abbey','Hamble Lane','England',1000),(11756,'Rectory Meadow','Park Road, Hanworth','England',600),(11757,'Bowden Park','Northampton Road','England',1000),(11758,'Preston Park','Harefield, Borough of Hillingdon','England',1500),(11759,'Rothamsted Park','33 High Street','England',1000),(11760,'The Beacon Ground','Brighton Road','England',1500),(11761,'Shrewsbury Sports Village','Sundorne Rd','England',1000),(11762,'The New Croft','Chalkestone Way','England',2000),(11763,'St. John\'s Park','Ravenstone Road','England',1000),(11764,'The Energy Check Sports Ground','North Drive / Victoria Road West','England',1500),(11765,'The MDC Sports Stadium','Wakefield Road, Fitzwilliam','England',2000),(11766,'The Stewart Edwards Stadium','Park View','England',3000),(11767,'Carters Park','None','England',2000),(11768,'Star Meadow Sports Club','Darland Avenue','England',1000),(11769,'Airedale Park','Watchet Lane','England',1000),(11770,'The New Defence','Anderson Way','England',2000),(11771,'Five Heads Park','Park Five Heads Road','England',1000),(11772,'The RG3 Digital Stadium','Silver Street, Irlam','England',500),(11773,'K Sports','Station Road, Ditton','England',1000),(11774,'The AJN Stadium','Bristol Road','England',3001),(11775,'Walmer Road','Walmer Road','England',1500),(11776,'Redding Way','None','England',1000),(11777,'Knaresborough Town AFC Ground','3 Manse Lane','England',1000),(11778,'Culver Road','Culver Road','England',2000),(11779,'Hamilton Park','Sandhills Avenue','England',1000),(11781,'The Sports Pavilion','Godstone Road','England',2000),(11782,'Cotlandswick Playing Fields','North Orbital Road','England',1000),(11783,'Grange Park','Station Road','England',1500),(11784,'Stoneylands','New Rd','England',1000),(11785,'Saw Mills End','Corinium Avenue','England',500),(11786,'Martyn Grove','North Dane Way','England',2000),(11788,'Dunley Way','Dunley Way','England',1000),(11789,'Lydney Recreation Ground','Swan Rd','England',1000),(11790,'The Sports Ground','Stourbridge Road','England',1000),(11791,'Lymington Sports Ground','Southampton Road','England',1000),(11792,'Muglet Lane','Muglet Lane','England',2150),(11793,'Sam Smith\'s Park','37 Cherrywood, Walkergate','England',2000),(11794,'Trafalgar Ground','Fort Road','England',3000),(11795,'Cricket Field Road','Cricket Field Road','England',2750),(11796,'Willen Road','Willen Road','England',500),(11797,'Moore Lane Sports Club Ground','Moore Lane','England',1000),(11798,'Daren Persson Stadium','West Percy Road','England',1000),(11800,'Old Northamptonians Private Sports Ground','111 Ardington Road','England',1000),(11801,'Greene King Park','Wigston Road','England',3000),(11802,'Lew Hill Memorial Ground','Combe Hay Lane, Odd Down','England',1160),(11803,'The Boundary Stadium','Altham Way, South Oxhey','England',2000),(11804,'Nyetimber Lane','Nyetimber Lane','England',1500),(11805,'Church View Road','Church View Road, Penistone','England',100),(11806,'The World Group Stadium','None','England',1500),(11807,'Branch Bros Stadium','Chestnut Avenue, Dogsthorpe','England',1500),(11809,'The Hollow','None','England',1000),(11810,'Elite Venue','Dunkirk Close','England',1000),(11811,'Farley Way Stadium','Farley Way','England',1400),(11812,'Townsend Meadow','Hampton Road','England',1000),(11813,'Prince George\'s Fields','Grand Drive','England',1500),(11814,'Rivermoor Stadium','Scours Lane','England',2162),(11815,'Oaklands Park Stadium','Gloucester Road','England',1000),(11816,'Castle Vale Stadium','Farnborough Road','England',1500),(11817,'Sergeants Lawn','Desborough Road','England',1000),(11818,'Gerrard Buxton Sports Ground','Rylands Way','England',2000),(11819,'Catons Lane','1 Catons Lane','England',2000),(11820,'Hill Park','Hill Park, Coombe Vale','England',1000),(11824,'Cockrams Ground','Coppice Street','England',1000),(11826,'The Playing Fields','None','England',2500),(11827,'Dean Street','Dean Street','England',4700),(11828,'The Recreation Ground','None','England',1000),(11829,'The Asda Foundation Stadium','Keighley Road','England',2300),(11830,'Eslaforde Park','Boston Road','England',1000),(11831,'The Arena Stadium','Northumberland Crescent','England',6000),(11832,'Spelthorne Sports Club','296 Staines Road West, Ashford Common','England',1000),(11833,'Mile End Stadium','190 Burdett Road, Tower Hamlets','England',2000),(11835,'The Recreation Ground','None','England',1000),(11836,'Hargrave Park Stadium','None','England',2000),(11837,'The Hawthorns','New Farm Road, Stanway','England',567),(11838,'Inkersall Road','Inkersall Road','England',5000),(11839,'Steyning Town Community Football Club','Shooting Field','England',1000),(11840,'The Map Group UK Stadium','Bishopton Road West','England',1800),(11842,'Ryhope Recreation Park','Ryhope Recreation Park','England',1000),(11843,'Shoemakers Lane','Shoemakers Lane','England',1000),(11844,'Barlow\'s Park','Silchester Road','England',1000),(11846,'Langsford Park','None','England',2000),(11847,'Dennyfield','Ainsbury Avenue','England',3000),(11848,'Mundford Road','Mundford Road','England',1500),(11849,'Teesdale Park','Acklam Road','England',5000),(11850,'Grass Roots Stadium','Cow Lane','England',2000),(11851,'Glevum Park','Lower Tuffley Lane','England',1000),(11852,'Culverden Stadium','Culverden Down','England',3750),(11853,'The Oaks','Framfield','England',1000),(11854,'Stag Meadow','St. Leonards Road','England',4500),(11855,'Oak Park','Coppice Road','England',1500),(11856,'Sumner Road','Sumner Road','England',1000),(11857,'Wadham Lodge Stadium','Kitchener Road, Walthamstow','England',4000),(11858,'Bayliss Avenue','Bayliss Avenue, Thamesmead','England',6000),(11859,'Vale Farm Stadium','Watford Road, Wembley','England',3348),(11860,'Darlington Road','Darlington Road','England',6728),(11861,'Meadow Lane','Meadow Lane','England',1000),(11862,'The Glebe Ground','Rose Avenue','England',2000),(11863,'KMJ Mortgages Stadium','Black Park Road','England',1000),(11864,'Hillheads Park','None','England',4500),(11865,'King George V Playing Field','Old Norwich Road','England',1000),(11866,'Notcutts Park','Fynn Road','England',1500),(11867,'Claines Lane','Claines Lane','England',1000),(11868,'The Bracken Edge','Bracken Edge','England',1550),(11869,'Compton Park','None','England',5000),(11870,'The Recreation Ground Alfold','Dunsfold Road','England',1000),(11871,'Hawton Lane','Hawton Lane, Balderton','England',1000),(11872,'The Coppice','Tythe Barn Lane, Shirley','England',2000),(11876,'Mornflake Stadium','Gresty Road','England',10153),(11878,'EnviroVent Stadium','Wetherby Road','England',3800),(11880,'Mazuma Stadium','Morecambe Road','England',6476),(11881,'Sixfields Stadium','Upton Way','England',7798),(11883,'Selhurst Park','Holmesdale Road','England',26309),(11894,'Cressing Road Stadium','Clockhouse Way','England',4222),(11895,'Technique Stadium','1866 Sheffield Road, Whittington Moor','England',10338),(11896,'The Coventry Building Society Arena','Phoenix Way, Rowleys Green','England',32609),(11897,'Kuflink Stadium','Stonebridge Road','England',5011),(11929,'LNER Community Stadium','Kathryn Avenue, Huntington','England',8005),(11943,'St. James Park','Churchill Way','England',3500),(11960,'WW Martin Community Stadium','Price&apos;s Avenue','England',2500),(11964,'New Meadow Park','Sudmeadow Road, Hempsted','England',4000),(11965,'The Aspect Arena','Thames Road','England',3300),(11966,'Corinthian Sports Club','Gay Dawn Farm','England',1000),(11967,'Clayborn Stadium','Quaker Lane','England',2200),(11968,'Manadon Sports Hub','St. Peters Road, Manadon','England',1000),(12045,'The myenergi Stadium','Clee Road','England',1000),(12051,'The MKM Stadium','Walton Street / Anlaby Road','England',25504),(12052,'Select Car Leasing Stadium','Shooters Way / Junction 11, M4','England',24200),(12091,'The EMG Inspire Stadium','Salerno Way','England',3500),(12092,'The OHOB Community Stadium','College Lane','England',3000),(12134,'The Polegrove','Richmond Road','England',1000),(12135,'The Greene King Stadium (De Montfort Park)','Leicester Road','England',4329),(12137,'Anfield Sports Community Centre','132 Lower Breck Road, Anfield','England',1000),(12138,'Sign Right Park','Burton Road','England',1000),(12139,'Kimberley Stadium','Callington Rd l','England',1000),(12140,'The Welfare Ground','Off Upper Lane','England',2330),(12143,'Adie Moran Park','Sandgate Road','England',1000),(12167,'Stubbs Lane','Stubbs Lane / Hill Farm Lane','England',1000),(12168,'The Neil Hudgell Law Stadium','Queensgate','England',2740),(12169,'Birds Close','None','England',2000),(12170,'Clipbush Park','Clipbush Lane','England',2000),(12171,'The Memorial Ground Farnham','Mead Lane / West Street','England',1500),(12172,'The Town Ground','Mayfield Avenue','England',1000),(12174,'HD Anywhere Stadium','Langland Avenue','England',4000),(12175,'GER Sports Ground','10 Robingoodfellow&apos;s Lane','England',1000),(12176,'Mulberry Park','New Village Hall, The Common','England',1000),(12177,'The Jockey Stadium','Nellington Road','England',1000),(12178,'Debdale Park','Mallard Court','England',1000),(12179,'Wellbeing Park','Yarnfield Lane, Yarnfield','England',2000),(12180,'Greens Meadow Ground','Bury Road','England',1000),(12181,'Mundy Playing Fields','Kington Lane','England',1000),(12182,'The Victory Stadium','St George&apos;s Rd, Portsmouth','England',1000),(12183,'Withdean Stadium','Withdean Road, Withdean','England',8850),(12184,'The vanEupen Arena','Rivacre Road, Hooton','England',2500),(12185,'Brinsford Lane','Brinsford Lane, Coven Heath','England',1000),(12186,'The Lancer Scott Stadium','West Town Road','England',1000),(12187,'Sir Tom Cowie Millfield Ground','West Road','England',1500),(12188,'Oakley Road','Oakley Road, Borough of Greenwich','England',1000),(12189,'Summerleaze Village Ground','35 North Town Moor','England',1000),(12190,'The Sportsfield','St Floras Road','England',1500),(12191,'Station Road','Station Road','England',2000),(12192,'Windsor Playing Fields','Horsenden Lane','England',1500),(12193,'Anstey Park Enclosure','Anstey Park','England',1500),(12194,'Ribbesford Meadows','B4194','England',200),(12195,'Southbank','Lacock Road','England',1200),(12196,'Marlborough Park','Marlborough Way','England',1000),(12197,'Bremhill View','Bremhill View','England',2500),(12198,'Phoenix Park','None','England',1500),(12199,'Len Salmon Stadium','Crown Avenue, Pitsea','England',2661),(12200,'Kellaway Park','Clodgey Lane','England',1000),(12201,'Memorial Ground Little Oakley','Harwich Road','England',1000),(12202,'Jenkins Park','Mill Road','England',1000),(12203,'Pro:Direct Stadium','Chewton Street','England',2500),(12204,'Hereford Lads Club FC County Ground','Widemarsh Common','England',1000),(12205,'Springfield Stadium','Janvrin Road','England',1992),(12206,'The Nest Lakenheath','Back Street','England',1000),(12208,'Trungle Parc','None','England',1000),(12209,'Green Lane','Green Lane','England',1000),(12210,'Vertigo Stadium','Wainfleet Rd','England',1000),(12211,'Oldfields Sports Ground','1 Springfield Road','England',1000),(12212,'Ericstan Park','Timpson Road, Wythenshawe','England',1000),(12213,'The Leasing.com Stadium','London Road','England',6355),(12272,'VBS Community Stadium','Gander Green Lane','England',7032),(12283,'The Bourne Stadium','192A Seal Road','England',1000),(12456,'The Cherry Red Records Stadium','Plough Lane, Wimbledon','England',9300),(12460,'Red Industries Lyme Valley Stadium','Buckmaster Avenue, Clayton','England',4000),(12596,'St Andrew\'s Stadium','St. Andrew&apos;s Road','England',30009),(12605,'Optimum Pay Stadium','Water Lode','England',3500),(12609,'The Regional Electrical Service Ltd Stadium','Skinner Lane','England',1429),(12676,'Eco-Power Stadium','Stadium Way, Lakeside','England',15231),(12677,'The Suit Direct Stadium','Clarence Road','England',7856),(12690,'Mortgages For You Stadium','Tattershall Road','England',6000),(12691,'Payaro Stadium','Abbey Lane, Bucknall, Stoke-on-Trent','England',750),(12692,'The Calvert Stadium','Ainderby Road','England',1500),(12693,'The Total Power Stadium','Holm Place, Minster on Sea','England',1000),(18617,'Completely-Suzuki Stadium','Whaddon Road','England',7066),(18618,'Brisbane Road','Brisbane Road, Leyton','England',9271),(18619,'Loftus Road','South Africa Road, Shepherd&apos;s Bush','England',18360),(18620,'Poundland Bescot Stadium','Bescot Crescent, Bescot','England',11300),(18688,'The Sunseeker International County Ground','Blandford Close, Hamworthy','England',1000),(18689,'Hythe Garage Stadium','Claypits Lane','England',1000),(18812,'Fenton Civil Engineering Stadium','Chestnut Avenue, Northwood, Hillingdon','England',3075),(18813,'Atalian Servest Stadium','Cotton Lane','England',3500),(18814,'The OnSite Group Stadium','Cranleigh Road PO16 9 Fareham, Hants','England',1000),(18815,'The dwmedia Stadium','Woodhorn Lane','England',2000),(18816,'Otham Sports Ground','Honey Lane','England',1000),(18817,'The Community Ground','Bobby Langton Way','England',1500),(18818,'Bauvill Stadium','Bourneville Avenue','England',2000),(18819,'Olivers Mount','Olivers Mount, Darnall','England',1000),(18820,'Trade Tyre Community Stadium','Brownsfield Road','England',1000),(18821,'Loxwood Sports Association','Sports Pavilion Plaistow Road','England',1000),(18822,'The Camp & Satherley Stadium','Grove Road','England',1000),(18823,'Crofters End Stadium','Crofters End','England',1500),(18824,'Mansfield Road','Mansfield Road','England',1000),(18825,'Sunderland LGV Park','Beechbrooke, Ryhope','England',1500),(18826,'The Irish Centre','Pavilion Manor Field','England',1500),(18857,'Glanford Park','Doncaster Road','England',9088),(18863,'The Recycling Lives Ground','Inglewhite Road','England',1000),(18864,'Independent Utility Advise Arena','Byron Terrace','England',500),(18865,'The JSJ Stadium','New Roker Park, Arlesey Rd','England',1000),(18866,'Step Places Stadium','Brookburn Road, Chorlton-cum-Hardy','England',1000),(18868,'SEH Sports Ground','Humber Doucy Lane, Rushmere','England',1000),(18967,'Westwood Recreation Ground','Western Way, Bemerton Heath','England',2500),(18968,'Sandygate Road','Sandygate Road','England',1000),(18969,'Rosemary Lane','Rosemary Lane','England',1000),(18970,'Centenary Park','Piddinghoe Avenue','England',1500),(18971,'Eastwood Leisure Centre','247A Albert Drive, Sheerwater','England',1000),(18972,'London Hire Stadium','Lower Road','England',1000),(18973,'Sirona Medical Arena','Station Road','England',2000),(18974,'Grounsell Park','None','England',2000),(18975,'Raleigh Grove','None','England',1150),(18976,'West Clewes','North Rd','England',2400),(18977,'The Beehive','Abbeyfields Drive','England',1500),(18978,'The Mill','Mill Lane','England',1500),(18979,'Rowley Lane','Rowley Lane, Arkley, Barnet','England',1500),(18980,'Ironworks Road','Ironworks Road','England',3000),(18981,'The Dransfield Stadium','Church Road','England',3000),(18983,'Myrak Park','Roding Lane','England',1000),(18984,'The Paycare Ground','Bentley Road North, Bentley','England',1000),(18985,'Falmouth Town AFC Social Club','Bickland Water Road','England',1000),(18986,'Old School Lane','Old School Lane','England',2000),(18987,'The Middlesex Stadium','Breakspear Road','England',3587),(18988,'The Stag Ground','Newdigate Street','England',1000),(18989,'The Dell','Church Road, Laverstock','England',1000),(18990,'Shefford Sports Club','Hitchin Road','England',1000),(18991,'Sixways Stadium','Warriors Way, Hindlip','England',11499),(18992,'Weybourne Road','Weybourne Road','England',1000),(19011,'Lancashire FA County Ground','Thurston Road','England',4000),(19197,'SO Legal Stadium','Holker Street','England',5349),(19198,'University of Bradford Stadium','Valley Parade','England',25136),(19200,'Broadfield Stadium','Brighton Road','England',6134),(19201,'The Bolt New Lawn','Smiths Way','England',5140),(19202,'MEMS Priestfield Stadium','Redfern Avenue','England',11582),(19203,'Draper Tools Community Stadium','Martin Road, West Leigh','England',5250),(19204,'ARMCO Arena','Damson Parkway','England',5500),(19235,'Easy As HGV Stadium','Cherrywood Road','England',4267),(19237,'Ruislip Manor Sports & Social Club','Grosvenor Vale','England',3607),(19238,'The LORDS Builders Merchants Stadium','Pancake Lane, Leverstock Green','England',1500),(19239,'Guardian Warehousing Arena','Noose Lane','England',3660);
/*!40000 ALTER TABLE `venue` ENABLE KEYS */;
UNLOCK TABLES;

--
-- Table structure for table `virtual_team`
--

DROP TABLE IF EXISTS `virtual_team`;
/*!40101 SET @saved_cs_client     = @@character_set_client */;
/*!50503 SET character_set_client = utf8mb4 */;
CREATE TABLE `virtual_team` (
  `username` varchar(32) NOT NULL,
  `team_name` varchar(160) NOT NULL,
  PRIMARY KEY (`username`,`team_name`),
  UNIQUE KEY `username` (`username`),
  UNIQUE KEY `team_name` (`team_name`),
  CONSTRAINT `virtual_team_username_fk` FOREIGN KEY (`username`) REFERENCES `users` (`username`)
) ENGINE=InnoDB DEFAULT CHARSET=utf8mb4 COLLATE=utf8mb4_0900_ai_ci;
/*!40101 SET character_set_client = @saved_cs_client */;

--
-- Dumping data for table `virtual_team`
--

LOCK TABLES `virtual_team` WRITE;
/*!40000 ALTER TABLE `virtual_team` DISABLE KEYS */;
/*!40000 ALTER TABLE `virtual_team` ENABLE KEYS */;
UNLOCK TABLES;

--
-- Dumping events for database 'fantasysoccer'
--

--
-- Dumping routines for database 'fantasysoccer'
--
/*!40103 SET TIME_ZONE=@OLD_TIME_ZONE */;

/*!40101 SET SQL_MODE=@OLD_SQL_MODE */;
/*!40014 SET FOREIGN_KEY_CHECKS=@OLD_FOREIGN_KEY_CHECKS */;
/*!40014 SET UNIQUE_CHECKS=@OLD_UNIQUE_CHECKS */;
/*!40101 SET CHARACTER_SET_CLIENT=@OLD_CHARACTER_SET_CLIENT */;
/*!40101 SET CHARACTER_SET_RESULTS=@OLD_CHARACTER_SET_RESULTS */;
/*!40101 SET COLLATION_CONNECTION=@OLD_COLLATION_CONNECTION */;
/*!40111 SET SQL_NOTES=@OLD_SQL_NOTES */;

-- Dump completed on 2023-04-16 20:01:12
