CREATE DATABASE  IF NOT EXISTS `fantasysoccer` /*!40100 DEFAULT CHARACTER SET utf8mb4 COLLATE utf8mb4_0900_ai_ci */ /*!80016 DEFAULT ENCRYPTION='N' */;
USE `fantasysoccer`;
-- MySQL dump 10.13  Distrib 8.0.31, for Win64 (x86_64)
--
-- Host: localhost    Database: fantasysoccer
-- ------------------------------------------------------
-- Server version	8.0.31

/*!40101 SET @OLD_CHARACTER_SET_CLIENT=@@CHARACTER_SET_CLIENT */;
/*!40101 SET @OLD_CHARACTER_SET_RESULTS=@@CHARACTER_SET_RESULTS */;
/*!40101 SET @OLD_COLLATION_CONNECTION=@@COLLATION_CONNECTION */;
/*!50503 SET NAMES utf8 */;
/*!40103 SET @OLD_TIME_ZONE=@@TIME_ZONE */;
/*!40103 SET TIME_ZONE='+00:00' */;
/*!40014 SET @OLD_UNIQUE_CHECKS=@@UNIQUE_CHECKS, UNIQUE_CHECKS=0 */;
/*!40014 SET @OLD_FOREIGN_KEY_CHECKS=@@FOREIGN_KEY_CHECKS, FOREIGN_KEY_CHECKS=0 */;
/*!40101 SET @OLD_SQL_MODE=@@SQL_MODE, SQL_MODE='NO_AUTO_VALUE_ON_ZERO' */;
/*!40111 SET @OLD_SQL_NOTES=@@SQL_NOTES, SQL_NOTES=0 */;

--
-- Table structure for table `country`
--

DROP TABLE IF EXISTS `country`;
/*!40101 SET @saved_cs_client     = @@character_set_client */;
/*!50503 SET character_set_client = utf8mb4 */;
CREATE TABLE `country` (
  `name` varchar(100) NOT NULL,
  `code` varchar(100) NOT NULL,
  PRIMARY KEY (`name`),
  UNIQUE KEY `code` (`code`)
) ENGINE=InnoDB DEFAULT CHARSET=utf8mb4 COLLATE=utf8mb4_0900_ai_ci;
/*!40101 SET character_set_client = @saved_cs_client */;

--
-- Dumping data for table `country`
--

LOCK TABLES `country` WRITE;
/*!40000 ALTER TABLE `country` DISABLE KEYS */;
/*!40000 ALTER TABLE `country` ENABLE KEYS */;
UNLOCK TABLES;

--
-- Table structure for table `fixture`
--

DROP TABLE IF EXISTS `fixture`;
/*!40101 SET @saved_cs_client     = @@character_set_client */;
/*!50503 SET character_set_client = utf8mb4 */;
CREATE TABLE `fixture` (
  `id` int NOT NULL,
  `venue_id` int NOT NULL,
  `match_date` date DEFAULT NULL,
  `home_team_id` int NOT NULL,
  `away_team_id` int NOT NULL,
  PRIMARY KEY (`id`),
  UNIQUE KEY `home_away_unique` (`home_team_id`,`away_team_id`),
  KEY `physical_team_away_fk` (`away_team_id`),
  KEY `fixture_details_venue_id_fk` (`venue_id`),
  CONSTRAINT `fixture_details_venue_id_fk` FOREIGN KEY (`venue_id`) REFERENCES `venue` (`id`),
  CONSTRAINT `physical_team_away_fk` FOREIGN KEY (`away_team_id`) REFERENCES `physical_team` (`id`),
  CONSTRAINT `physical_team_home_fk` FOREIGN KEY (`home_team_id`) REFERENCES `physical_team` (`id`)
) ENGINE=InnoDB DEFAULT CHARSET=utf8mb4 COLLATE=utf8mb4_0900_ai_ci;
/*!40101 SET character_set_client = @saved_cs_client */;

--
-- Dumping data for table `fixture`
--

LOCK TABLES `fixture` WRITE;
/*!40000 ALTER TABLE `fixture` DISABLE KEYS */;
INSERT INTO `fixture` VALUES (867946,525,'2022-08-05',52,42),(867947,535,'2022-08-06',36,40),(867948,504,'2022-08-06',35,66),(867949,546,'2022-08-06',63,39),(867950,547,'2022-08-07',46,55),(867951,562,'2022-08-06',34,65),(867952,593,'2022-08-06',47,41),(867953,8560,'2022-08-06',45,49),(867954,556,'2022-08-07',33,51),(867955,598,'2022-08-07',48,50),(867956,494,'2022-08-13',42,46),(867957,495,'2022-08-13',66,45),(867958,10503,'2022-08-13',55,33),(867959,508,'2022-08-13',51,34),(867960,519,'2022-08-14',49,47),(867961,550,'2022-08-15',40,52),(867962,555,'2022-08-13',50,35),(867963,566,'2022-08-14',65,48),(867964,585,'2022-08-13',41,63),(867965,600,'2022-08-13',39,36),(867966,504,'2022-08-20',35,42),(867967,525,'2022-08-20',52,66),(867968,8560,'2022-08-20',45,65),(867969,535,'2022-08-20',36,55),(867970,546,'2022-08-21',63,49),(867971,547,'2022-08-20',46,41),(867972,556,'2022-08-22',33,40),(867973,562,'2022-08-21',34,50),(867974,593,'2022-08-20',47,39),(867975,598,'2022-08-21',48,51),(867976,494,'2022-08-27',42,36),(867977,495,'2022-08-28',66,48),(867978,10503,'2022-08-27',55,45),(867979,508,'2022-08-27',51,63),(867980,519,'2022-08-27',49,46),(867981,550,'2022-08-27',40,35),(867982,555,'2022-08-27',50,52),(867983,566,'2022-08-28',65,47),(867984,585,'2022-08-27',41,33),(867985,600,'2022-08-28',39,34),(867986,504,'2022-08-31',35,39),(867987,494,'2022-08-31',42,66),(867988,535,'2022-08-30',36,51),(867989,546,'2022-08-30',63,45),(867990,547,'2022-09-01',46,33),(867991,598,'2022-08-31',48,47),(867992,525,'2022-08-30',52,55),(867993,585,'2022-08-30',41,49),(867994,550,'2022-08-31',40,34),(867995,555,'2022-08-31',50,65),(867996,495,'2022-09-03',66,50),(867997,10503,'2022-09-03',55,63),(867998,508,'2022-09-04',51,46),(867999,519,'2022-09-03',49,48),(868000,8560,'2022-09-03',45,40),(868001,556,'2022-09-04',33,42),(868002,562,'2022-09-03',34,52),(868003,566,'2022-09-03',65,35),(868004,593,'2022-09-03',47,36),(868005,600,'2022-09-03',39,41),(868006,504,'2023-04-04',35,51),(868007,494,'2023-03-01',42,45),(868008,525,'2023-01-18',52,33),(868009,535,'2023-01-12',36,49),(868010,546,'2023-04-04',63,65),(868011,547,'2023-04-04',46,66),(868012,550,'2023-03-01',40,39),(868013,555,'2023-01-19',50,47),(868014,585,'2023-03-15',41,55),(868015,598,'2023-04-05',48,34),(868016,495,'2022-09-16',66,41),(868017,10503,'2022-09-18',55,42),(868018,508,'2023-03-15',51,52),(868019,519,'2023-04-04',49,40),(868020,8560,'2022-09-18',45,48),(868021,556,'2023-02-08',33,63),(868022,562,'2022-09-17',34,35),(868023,566,'2022-09-16',65,36),(868024,593,'2022-09-17',47,46),(868025,600,'2022-09-17',39,50),(868026,504,'2022-10-01',35,55),(868027,494,'2022-10-01',42,47),(868028,525,'2022-10-01',52,49),(868029,535,'2022-10-01',36,34),(868030,546,'2022-10-02',63,66),(868031,547,'2022-10-03',46,65),(868032,550,'2022-10-01',40,51),(868033,555,'2022-10-02',50,33),(868034,585,'2022-10-01',41,45),(868035,598,'2022-10-01',48,39),(868036,504,'2022-10-08',35,46),(868037,494,'2022-10-09',42,40),(868038,508,'2022-10-08',51,47),(868039,519,'2022-10-08',49,39),(868040,525,'2022-10-09',52,63),(868041,8560,'2022-10-09',45,33),(868042,555,'2022-10-08',50,41),(868043,562,'2022-10-08',34,55),(868044,566,'2022-10-10',65,66),(868045,598,'2022-10-09',48,36),(868046,495,'2022-10-16',66,49),(868047,10503,'2022-10-14',55,51),(868048,535,'2022-10-15',36,35),(868049,546,'2022-10-16',63,42),(868050,547,'2022-10-15',46,52),(868051,550,'2022-10-16',40,50),(868052,556,'2022-10-16',33,34),(868053,585,'2022-10-16',41,48),(868054,593,'2022-10-15',47,45),(868055,600,'2022-10-15',39,65),(868056,504,'2022-10-19',35,41),(868057,494,'2023-02-15',42,50),(868058,10503,'2022-10-19',55,49),(868059,508,'2022-10-18',51,65),(868060,535,'2022-10-20',36,66),(868061,547,'2022-10-20',46,63),(868062,525,'2022-10-18',52,39),(868063,562,'2022-10-19',34,45),(868064,550,'2022-10-19',40,48),(868065,556,'2022-10-19',33,47),(868066,495,'2022-10-23',66,55),(868067,519,'2022-10-22',49,33),(868068,8560,'2022-10-22',45,52),(868069,546,'2022-10-23',63,36),(868070,555,'2022-10-22',50,51),(868071,566,'2022-10-22',65,40),(868072,585,'2022-10-23',41,42),(868073,593,'2022-10-23',47,34),(868074,598,'2022-10-24',48,35),(868075,600,'2022-10-23',39,46),(868076,504,'2022-10-29',35,47),(868077,494,'2022-10-30',42,65),(868078,10503,'2022-10-29',55,39),(868079,508,'2022-10-29',51,49),(868080,525,'2022-10-29',52,41),(868081,535,'2022-10-29',36,45),(868082,547,'2022-10-29',46,50),(868083,550,'2022-10-29',40,63),(868084,556,'2022-10-30',33,48),(868085,562,'2022-10-29',34,66),(868086,495,'2022-11-06',66,33),(868087,519,'2022-11-06',49,42),(868088,8560,'2022-11-05',45,46),(868089,546,'2022-11-05',63,35),(868090,555,'2022-11-05',50,36),(868091,566,'2022-11-05',65,55),(868092,585,'2022-11-06',41,34),(868093,593,'2022-11-06',47,40),(868094,598,'2022-11-06',48,52),(868095,600,'2022-11-05',39,51),(868096,504,'2022-11-12',35,45),(868097,508,'2022-11-13',51,66),(868098,535,'2022-11-13',36,33),(868099,550,'2022-11-12',40,41),(868100,555,'2022-11-12',50,55),(868101,562,'2022-11-12',34,49),(868102,566,'2022-11-12',65,52),(868103,593,'2022-11-12',47,63),(868104,598,'2022-11-12',48,46),(868105,600,'2022-11-12',39,42),(868106,494,'2022-12-26',42,48),(868107,495,'2022-12-26',66,40),(868108,10503,'2022-12-26',55,47),(868109,519,'2022-12-27',49,35),(868110,525,'2022-12-26',52,36),(868111,8560,'2022-12-26',45,39),(868112,546,'2022-12-28',63,50),(868113,547,'2022-12-26',46,34),(868114,556,'2022-12-27',33,65),(868115,585,'2022-12-26',41,51),(868116,504,'2022-12-31',35,52),(868117,508,'2022-12-31',51,42),(868118,535,'2022-12-31',36,41),(868119,550,'2022-12-30',40,46),(868120,555,'2022-12-31',50,45),(868121,562,'2022-12-31',34,63),(868122,566,'2023-01-01',65,49),(868123,593,'2023-01-01',47,66),(868124,598,'2022-12-30',48,55),(868125,600,'2022-12-31',39,33),(868126,494,'2023-01-03',42,34),(868127,495,'2023-01-04',66,39),(868128,10503,'2023-01-02',55,40),(868129,519,'2023-01-05',49,50),(868130,525,'2023-01-04',52,47),(868131,8560,'2023-01-03',45,51),(868132,546,'2023-01-04',63,48),(868133,547,'2023-01-03',46,36),(868134,556,'2023-01-03',33,35),(868135,585,'2023-01-04',41,65),(868136,495,'2023-01-13',66,63),(868137,10503,'2023-01-14',55,35),(868138,508,'2023-01-14',51,40),(868139,519,'2023-01-15',49,52),(868140,8560,'2023-01-14',45,41),(868141,556,'2023-01-14',33,50),(868142,562,'2023-01-15',34,36),(868143,566,'2023-01-14',65,46),(868144,593,'2023-01-15',47,42),(868145,600,'2023-01-14',39,48),(868146,504,'2023-01-21',35,65),(868147,494,'2023-01-22',42,33),(868148,525,'2023-01-21',52,34),(868149,535,'2023-01-23',36,47),(868150,546,'2023-01-22',63,55),(868151,547,'2023-01-21',46,51),(868152,550,'2023-01-21',40,49),(868153,555,'2023-01-22',50,39),(868154,585,'2023-01-21',41,66),(868155,598,'2023-01-21',48,45),(868156,495,'2023-02-04',66,46),(868157,10503,'2023-02-04',55,41),(868158,508,'2023-02-04',51,35),(868159,519,'2023-02-03',49,36),(868160,8560,'2023-02-04',45,42),(868161,556,'2023-02-04',33,52),(868162,562,'2023-02-04',34,48),(868163,566,'2023-02-05',65,63),(868164,593,'2023-02-05',47,50),(868165,600,'2023-02-04',39,40),(868166,504,'2023-02-11',35,34),(868167,494,'2023-02-11',42,55),(868168,525,'2023-02-11',52,51),(868169,535,'2023-02-11',36,65),(868170,546,'2023-02-12',63,33),(868171,547,'2023-02-11',46,47),(868172,550,'2023-02-13',40,45),(868173,555,'2023-02-12',50,66),(868174,585,'2023-02-11',41,39),(868175,598,'2023-02-11',48,49),(868176,495,'2023-02-18',66,42),(868177,10503,'2023-02-18',55,52),(868178,508,'2023-02-18',51,36),(868179,519,'2023-02-18',49,41),(868180,8560,'2023-02-18',45,63),(868181,556,'2023-02-19',33,46),(868182,562,'2023-02-18',34,40),(868183,566,'2023-02-18',65,50),(868184,593,'2023-02-19',47,48),(868185,600,'2023-02-18',39,35),(868186,504,'2023-02-25',35,50),(868187,525,'2023-02-25',52,40),(868188,8560,'2023-02-25',45,66),(868189,535,'2023-02-24',36,39),(868190,546,'2023-02-25',63,41),(868191,547,'2023-02-25',46,42),(868192,556,'2023-04-05',33,55),(868193,562,'2023-02-25',34,51),(868194,593,'2023-02-26',47,49),(868195,598,'2023-02-25',48,65),(868196,494,'2023-03-04',42,35),(868197,495,'2023-03-04',66,52),(868198,10503,'2023-03-06',55,36),(868199,508,'2023-03-04',51,48),(868200,519,'2023-03-04',49,63),(868201,550,'2023-03-05',40,33),(868202,555,'2023-03-04',50,34),(868203,566,'2023-03-05',65,45),(868204,585,'2023-03-04',41,46),(868205,600,'2023-03-04',39,47),(868206,504,'2023-03-11',35,40),(868207,525,'2023-03-11',52,50),(868208,8560,'2023-03-11',45,55),(868209,535,'2023-03-12',36,42),(868210,546,'2023-03-11',63,51),(868211,547,'2023-03-11',46,49),(868212,556,'2023-03-12',33,41),(868213,562,'2023-03-12',34,39),(868214,593,'2023-03-11',47,65),(868215,598,'2023-03-12',48,66),(868216,494,'2023-03-19',42,52),(868217,495,'2023-03-18',66,35),(868218,10503,'2023-03-18',55,46),(868219,508,'2023-05-04',51,33),(868220,519,'2023-03-18',49,45),(868221,550,'2023-05-03',40,36),(868222,555,'2023-05-03',50,48),(868223,566,'2023-03-17',65,34),(868224,585,'2023-03-18',41,47),(868225,600,'2023-03-18',39,63),(868226,504,'2023-04-01',35,36),(868227,494,'2023-04-01',42,63),(868228,508,'2023-04-01',51,55),(868229,519,'2023-04-01',49,66),(868230,525,'2023-04-01',52,46),(868231,8560,'2023-04-03',45,47),(868232,555,'2023-04-01',50,40),(868233,562,'2023-04-02',34,33),(868234,566,'2023-04-01',65,39),(868235,598,'2023-04-02',48,41),(868236,495,'2023-04-08',66,65),(868237,10503,'2023-04-08',55,34),(868238,535,'2023-04-08',36,48),(868239,546,'2023-04-09',63,52),(868240,547,'2023-04-08',46,35),(868241,550,'2023-04-09',40,42),(868242,556,'2023-04-08',33,45),(868243,585,'2023-04-08',41,50),(868244,593,'2023-04-08',47,51),(868245,600,'2023-04-08',39,49),(868246,495,'2023-04-15',66,34),(868247,519,'2023-04-15',49,51),(868248,8560,'2023-04-15',45,36),(868249,546,'2023-04-17',63,40),(868250,555,'2023-04-15',50,46),(868251,566,'2023-04-16',65,33),(868252,585,'2023-04-15',41,52),(868253,593,'2023-04-15',47,35),(868254,598,'2023-04-16',48,42),(868255,600,'2023-04-15',39,55),(868256,504,'2023-04-23',35,48),(868257,494,'2023-04-21',42,41),(868258,10503,'2023-04-22',55,66),(868259,508,'2023-04-23',51,50),(868260,525,'2023-04-22',52,45),(868261,535,'2023-04-22',36,63),(868262,547,'2023-04-22',46,39),(868263,550,'2023-04-22',40,65),(868264,556,'2023-04-22',33,49),(868265,562,'2023-04-23',34,47),(868266,8560,'2023-04-27',45,34),(868267,546,'2023-04-25',63,46),(868268,566,'2023-04-26',65,51),(868269,593,'2023-04-27',47,33),(868270,598,'2023-04-26',48,40),(868271,600,'2023-04-25',39,52),(868272,495,'2023-04-25',66,36),(868273,519,'2023-04-26',49,55),(868274,585,'2023-04-27',41,35),(868275,555,'2023-04-26',50,42),(868276,504,'2023-04-30',35,63),(868277,494,'2023-05-02',42,49),(868278,10503,'2023-04-29',55,65),(868279,508,'2023-04-29',51,39),(868280,525,'2023-04-29',52,48),(868281,535,'2023-04-30',36,50),(868282,547,'2023-05-01',46,45),(868283,550,'2023-04-30',40,47),(868284,556,'2023-04-30',33,66),(868285,562,'2023-04-30',34,41),(868286,504,'2023-05-06',35,49),(868287,508,'2023-05-08',51,45),(868288,535,'2023-05-08',36,46),(868289,550,'2023-05-06',40,55),(868290,555,'2023-05-07',50,63),(868291,562,'2023-05-07',34,42),(868292,566,'2023-05-08',65,41),(868293,593,'2023-05-06',47,52),(868294,598,'2023-05-07',48,33),(868295,600,'2023-05-06',39,66),(868296,494,'2023-05-14',42,51),(868297,495,'2023-05-13',66,47),(868298,10503,'2023-05-13',55,48),(868299,519,'2023-05-13',49,65),(868300,525,'2023-05-13',52,35),(868301,8560,'2023-05-14',45,50),(868302,546,'2023-05-13',63,34),(868303,547,'2023-05-15',46,40),(868304,556,'2023-05-13',33,39),(868305,585,'2023-05-13',41,36),(868306,504,'2023-05-20',35,33),(868307,508,'2023-05-20',51,41),(868308,535,'2023-05-20',36,52),(868309,550,'2023-05-20',40,66),(868310,555,'2023-05-20',50,49),(868311,562,'2023-05-20',34,46),(868312,566,'2023-05-20',65,42),(868313,593,'2023-05-20',47,55),(868314,598,'2023-05-20',48,63),(868315,600,'2023-05-20',39,45),(868316,494,'2023-05-28',42,39),(868317,495,'2023-05-28',66,51),(868318,10503,'2023-05-28',55,50),(868319,519,'2023-05-28',49,34),(868320,525,'2023-05-28',52,65),(868321,8560,'2023-05-28',45,35),(868322,546,'2023-05-28',63,47),(868323,547,'2023-05-28',46,48),(868324,556,'2023-05-28',33,36),(868325,585,'2023-05-28',41,40);
/*!40000 ALTER TABLE `fixture` ENABLE KEYS */;
UNLOCK TABLES;

--
-- Table structure for table `match_stats`
--

DROP TABLE IF EXISTS `match_stats`;
/*!40101 SET @saved_cs_client     = @@character_set_client */;
/*!50503 SET character_set_client = utf8mb4 */;
CREATE TABLE `match_stats` (
  `fixture_id` int NOT NULL,
  `player_id` int NOT NULL,
  `minutes_played` int NOT NULL,
  `goals` int NOT NULL,
  `assists` int NOT NULL,
  `yellow_cards` int NOT NULL,
  `red_cards` int NOT NULL,
  `saves` int NOT NULL,
  PRIMARY KEY (`fixture_id`,`player_id`),
  KEY `match_stats_player_fk` (`player_id`),
  CONSTRAINT `match_stats_fixture_fk` FOREIGN KEY (`fixture_id`) REFERENCES `fixture` (`id`),
  CONSTRAINT `match_stats_player_fk` FOREIGN KEY (`player_id`) REFERENCES `player` (`id`)
) ENGINE=InnoDB DEFAULT CHARSET=utf8mb4 COLLATE=utf8mb4_0900_ai_ci;
/*!40101 SET character_set_client = @saved_cs_client */;

--
-- Dumping data for table `match_stats`
--

LOCK TABLES `match_stats` WRITE;
/*!40000 ALTER TABLE `match_stats` DISABLE KEYS */;
INSERT INTO `match_stats` VALUES (867947,280,90,0,0,0,0,1),(867947,283,90,0,0,0,0,0),(867947,284,0,0,0,0,0,0),(867947,286,90,0,0,0,0,0),(867947,289,90,0,0,0,0,0),(867947,290,90,0,0,0,0,0),(867947,292,90,0,0,0,0,0),(867947,296,31,0,0,0,0,0),(867947,299,59,0,0,0,0,0),(867947,302,51,0,0,0,0,0),(867947,306,90,1,0,0,0,0),(867947,507,51,0,0,0,0,0),(867947,657,90,0,1,1,0,0),(867947,697,24,0,0,0,0,0),(867947,899,89,0,0,0,0,0),(867947,946,0,0,0,0,0,0),(867947,1438,0,0,0,0,0,0),(867947,2825,90,2,0,0,0,0),(867947,18812,0,0,0,0,0,0),(867947,18962,1,0,0,0,0,0),(867947,19004,89,0,0,1,0,0),(867947,19023,90,0,0,0,0,0),(867947,19025,1,0,0,0,0,0),(867947,19027,66,0,0,0,0,0),(867947,19035,39,0,0,0,0,0),(867947,19145,90,0,0,0,0,0),(867947,19480,90,0,0,0,0,0),(867947,19549,90,0,0,0,0,0),(867947,19657,90,0,0,0,0,1),(867947,36922,0,0,0,0,0,0),(867947,41104,90,0,0,0,0,0),(867947,51617,39,1,1,0,0,0),(867947,129707,0,0,0,0,0,0),(867947,153066,12,0,0,0,0,0),(867947,191971,0,0,0,0,0,0),(867947,195106,0,0,0,0,0,0),(867947,284366,0,0,0,0,0,0),(867947,310187,0,0,0,0,0,0),(867948,147,81,0,0,0,0,0),(867948,766,0,0,0,0,0,0),(867948,894,0,0,0,0,0,0),(867948,983,90,0,0,0,0,0),(867948,1125,11,0,0,0,0,0),(867948,1904,82,0,0,0,0,0),(867948,2490,90,1,0,0,0,0),(867948,2724,90,0,0,0,0,0),(867948,2734,90,0,0,1,0,0),(867948,2852,0,0,0,0,0,0),(867948,18860,90,0,0,0,0,2),(867948,18866,90,0,0,0,0,0),(867948,18869,90,0,0,1,0,0),(867948,18872,18,0,0,0,0,0),(867948,18878,1,0,0,0,0,0),(867948,18883,89,0,0,0,0,0),(867948,18955,66,0,0,1,0,0),(867948,19016,0,0,0,0,0,0),(867948,19071,45,0,0,0,0,0),(867948,19179,0,0,0,0,0,0),(867948,19191,90,0,0,0,0,0),(867948,19192,45,0,0,1,0,0),(867948,19245,86,0,0,0,0,0),(867948,19263,90,0,1,0,0,0),(867948,19298,90,0,0,0,0,0),(867948,19354,90,0,0,0,0,0),(867948,19356,0,0,0,0,0,0),(867948,19366,24,0,0,0,0,0),(867948,19454,72,0,0,1,0,0),(867948,19599,90,0,0,0,0,1),(867948,19769,0,0,0,0,0,0),(867948,19804,90,1,0,0,0,0),(867948,19824,90,0,0,0,0,0),(867948,19964,0,0,0,0,0,0),(867948,20093,0,0,0,0,0,0),(867948,21090,90,0,0,0,0,0),(867948,47522,8,0,0,1,0,0),(867948,137302,9,0,0,0,0,0),(867948,151756,0,0,0,0,0,0),(867948,196855,0,0,0,0,0,0),(867949,533,90,0,0,0,0,0),(867949,935,65,1,0,0,0,0),(867949,1150,90,0,0,1,0,0),(867949,1590,90,0,0,0,0,3),(867949,1605,90,1,0,0,0,0),(867949,1864,90,0,0,0,0,0),(867949,2676,90,0,0,0,0,0),(867949,2922,90,0,0,0,0,0),(867949,3008,25,0,0,0,0,0),(867949,18739,0,0,0,0,0,0),(867949,18740,90,0,0,0,0,0),(867949,18741,0,0,0,0,0,0),(867949,18744,90,0,0,0,0,0),(867949,18746,90,0,0,0,0,0),(867949,19128,90,0,1,1,0,0),(867949,19134,84,0,0,0,0,0),(867949,19173,0,0,0,0,0,0),(867949,19495,90,0,0,0,0,0),(867949,19569,11,0,0,0,0,0),(867949,20619,90,0,0,0,0,5),(867949,21138,90,0,0,0,0,0),(867949,24888,85,0,1,0,0,0),(867949,26238,90,0,0,0,0,0),(867949,37724,10,0,0,0,0,0),(867949,39105,0,0,0,0,0,0),(867949,47302,90,0,0,0,0,0),(867949,47341,73,0,0,0,0,0),(867949,50739,85,0,0,0,0,0),(867949,61178,0,0,0,0,0,0),(867949,64003,90,0,0,0,0,0),(867949,153400,17,0,0,0,0,0),(867949,153411,0,0,0,0,0,0),(867949,158432,10,0,0,0,0,0),(867949,195717,0,0,0,0,0,0),(867949,204033,0,0,0,0,0,0),(867949,280687,0,0,0,0,0,0),(867949,282124,0,0,0,0,0,0),(867949,297187,0,0,0,0,0,0),(867949,328089,0,0,0,0,0,0),(867950,1098,17,0,0,0,0,0),(867950,1835,0,0,0,0,0,0),(867950,2778,0,0,0,0,0,0),(867950,2920,90,1,0,0,0,0),(867950,2925,0,0,0,0,0,0),(867950,2926,90,0,0,0,0,0),(867950,3421,90,0,0,0,0,0),(867950,15745,0,0,0,0,0,0),(867950,15799,0,0,0,0,0,0),(867950,17736,0,0,0,0,0,0),(867950,18146,90,0,0,0,0,1),(867950,18772,90,0,0,0,0,0),(867950,18776,0,0,0,0,0,0),(867950,18777,0,0,0,0,0,0),(867950,18784,90,0,1,0,0,0),(867950,18785,0,0,0,0,0,0),(867950,18786,90,0,0,0,0,0),(867950,18788,90,0,1,0,0,0),(867950,18906,0,0,0,0,0,0),(867950,18917,59,0,0,0,0,0),(867950,19124,90,0,0,0,0,0),(867950,19345,10,0,0,0,0,0),(867950,19346,90,0,1,0,0,0),(867950,19362,31,1,0,0,0,0),(867950,19465,90,0,0,0,0,3),(867950,19760,90,0,0,0,0,0),(867950,19974,90,1,0,0,0,0),(867950,20110,17,0,0,0,0,0),(867950,20589,90,0,0,0,0,0),(867950,20649,83,0,0,0,0,0),(867950,22094,90,0,0,0,0,0),(867950,25073,90,0,0,0,0,0),(867950,30407,73,0,0,0,0,0),(867950,37440,10,0,0,0,0,0),(867950,44871,83,0,0,0,0,0),(867950,47438,59,0,0,0,0,0),(867950,106725,31,0,0,0,0,0),(867950,148099,73,1,0,0,0,0),(867950,152969,0,0,0,0,0,0),(867950,276263,0,0,0,0,0,0),(867951,169,90,0,0,0,0,0),(867951,279,0,0,0,0,0,0),(867951,723,90,0,1,0,0,0),(867951,900,90,0,0,0,0,0),(867951,1463,80,0,0,0,0,0),(867951,1746,90,0,0,1,0,0),(867951,2507,81,0,0,0,0,0),(867951,2806,90,1,0,0,0,0),(867951,2939,89,1,0,0,0,0),(867951,8598,27,0,0,0,0,0),(867951,10135,89,0,0,0,0,0),(867951,17365,90,0,0,0,0,0),(867951,18836,0,0,0,0,0,0),(867951,18873,9,0,0,0,0,0),(867951,18884,63,0,0,0,0,0),(867951,18886,0,0,0,0,0,0),(867951,18892,0,0,0,0,0,0),(867951,18901,10,0,0,0,0,0),(867951,18903,0,0,0,0,0,0),(867951,18911,90,0,0,0,0,0),(867951,18931,1,0,0,0,0,0),(867951,18941,90,0,0,0,0,0),(867951,18961,90,0,0,0,0,0),(867951,19088,90,0,0,0,0,7),(867951,19163,1,0,0,0,0,0),(867951,19299,90,0,0,0,0,0),(867951,19842,0,0,0,0,0,0),(867951,20503,75,0,0,1,0,0),(867951,22173,89,0,0,0,0,0),(867951,24882,15,0,0,0,0,0),(867951,25916,83,0,0,0,0,0),(867951,38734,1,0,0,0,0,0),(867951,40401,0,0,0,0,0,0),(867951,44811,90,0,0,0,0,0),(867951,84081,0,0,0,0,0,0),(867951,129711,90,0,0,0,0,0),(867951,129712,11,0,0,0,0,0),(867951,138780,90,0,0,1,0,0),(867951,138908,0,0,0,0,0,0),(867951,325967,0,0,0,0,0,0),(867952,133,8,0,0,0,0,0),(867952,164,86,0,0,0,0,0),(867952,171,89,0,0,0,0,0),(867952,178,8,0,0,0,0,0),(867952,184,90,0,0,0,0,0),(867952,186,90,0,1,0,0,0),(867952,207,24,0,0,0,0,0),(867952,863,86,0,0,1,0,0),(867952,2061,0,0,0,0,0,0),(867952,2114,72,0,1,0,0,0),(867952,2735,90,0,0,0,0,0),(867952,2938,90,1,0,0,0,0),(867952,2999,90,0,0,0,0,0),(867952,18742,3,0,0,0,0,0),(867952,18935,0,0,0,0,0,0),(867952,18940,45,0,0,0,0,0),(867952,18942,45,0,0,0,0,0),(867952,18945,45,0,0,0,0,0),(867952,18946,0,0,0,0,0,0),(867952,18948,1,0,0,0,0,0),(867952,18949,75,0,0,0,0,0),(867952,18968,8,0,0,1,0,0),(867952,19032,66,1,0,1,0,0),(867952,19235,0,0,0,0,0,0),(867952,19484,45,0,0,0,0,0),(867952,19524,0,0,0,0,0,0),(867952,19825,90,0,0,0,0,0),(867952,20557,15,0,0,0,0,0),(867952,20600,18,0,0,0,0,0),(867952,25061,0,0,0,0,0,0),(867952,30435,86,1,1,0,0,0),(867952,30776,90,0,0,0,0,0),(867952,47480,90,0,0,0,0,0),(867952,105971,90,0,0,0,0,5),(867952,282125,90,0,0,0,0,0),(867953,17,25,0,0,0,0,0),(867953,172,29,0,0,0,0,0),(867953,259,90,0,0,0,0,0),(867953,318,75,0,0,0,0,0),(867953,326,0,0,0,0,0,0),(867953,548,0,0,0,0,0,0),(867953,645,90,0,0,0,0,0),(867953,978,75,0,0,0,0,0),(867953,1455,90,0,0,0,0,0),(867953,2165,90,0,0,1,0,0),(867953,2273,0,0,0,0,0,0),(867953,2280,90,0,0,0,0,0),(867953,2289,89,1,0,0,0,0),(867953,2290,90,0,0,0,0,0),(867953,2291,0,0,0,0,0,0),(867953,2292,25,0,0,0,0,0),(867953,2484,70,0,0,1,0,0),(867953,2932,90,0,0,0,0,5),(867953,2933,65,0,0,0,0,0),(867953,2934,0,0,0,0,0,0),(867953,2936,90,0,0,0,0,0),(867953,2986,90,0,0,0,0,3),(867953,3240,0,0,0,0,0,0),(867953,18745,20,0,0,0,0,0),(867953,18781,90,0,0,0,0,0),(867953,18805,90,0,0,0,0,0),(867953,18858,0,0,0,0,0,0),(867953,18929,61,0,0,0,0,0),(867953,19073,18,0,0,0,0,0),(867953,19150,72,0,0,1,0,0),(867953,19220,65,0,0,0,0,0),(867953,19545,90,0,0,1,0,0),(867953,19720,0,0,0,0,0,0),(867953,47380,15,0,0,1,0,0),(867953,67972,1,0,0,0,0,0),(867953,138417,90,0,0,0,0,0),(867953,138787,90,0,0,0,0,0),(867953,138822,15,0,0,0,0,0),(867953,284187,0,0,0,0,0,0),(867953,284266,0,0,0,0,0,0),(867954,18,89,0,0,0,0,0),(867954,174,90,0,0,0,0,0),(867954,547,12,0,0,0,0,0),(867954,742,0,0,0,0,0,0),(867954,874,37,0,0,0,0,0),(867954,882,90,0,0,0,0,2),(867954,886,90,0,0,0,0,0),(867954,891,89,0,0,1,0,0),(867954,895,0,0,0,0,0,0),(867954,903,78,0,0,1,0,0),(867954,905,53,0,0,0,0,0),(867954,909,90,0,0,0,0,0),(867954,1093,14,0,0,0,0,0),(867954,1469,89,0,1,0,0,0),(867954,1485,89,0,0,0,0,0),(867954,1946,75,0,0,1,0,0),(867954,18846,0,0,0,0,0,0),(867954,18959,90,0,0,0,0,5),(867954,19364,0,0,0,0,0,0),(867954,26475,1,0,0,0,0,0),(867954,153430,1,0,0,0,0,0),(867954,202086,0,0,0,0,0,0),(867954,284324,1,0,0,0,0,0),(867955,44,89,0,0,0,0,0),(867955,253,61,0,0,0,0,0),(867955,567,90,0,0,0,0,0),(867955,617,90,0,0,0,0,1),(867955,626,0,0,0,0,0,0),(867955,627,90,0,0,0,0,0),(867955,629,88,0,1,0,0,0),(867955,631,88,0,0,0,0,0),(867955,633,78,0,0,0,0,0),(867955,635,2,0,0,0,0,0),(867955,636,12,0,0,0,0,0),(867955,842,0,0,0,0,0,0),(867955,855,90,0,0,1,0,0),(867955,1100,78,2,0,0,0,0),(867955,1131,0,0,0,0,0,0),(867955,1231,90,0,0,0,0,0),(867955,1243,90,0,0,0,0,0),(867955,1697,89,0,0,0,0,0),(867955,2473,57,0,0,0,0,0),(867955,2726,90,0,0,0,0,0),(867955,2937,90,0,0,0,0,0),(867955,2997,29,0,0,0,0,0),(867955,6009,12,0,0,0,0,0),(867955,18813,90,0,0,0,0,0),(867955,18819,57,0,0,0,0,0),(867955,18820,1,0,0,0,0,0),(867955,18823,90,0,0,0,0,0),(867955,18861,90,0,0,0,0,0),(867955,19130,1,0,0,0,0,0),(867955,19187,90,0,0,0,0,0),(867955,19229,0,0,0,0,0,0),(867955,19361,33,0,0,0,0,0),(867955,19428,89,0,0,0,0,0),(867955,19733,1,0,0,0,0,0),(867955,25004,0,0,0,0,0,0),(867955,30544,33,0,0,0,0,0),(867955,152982,2,0,0,0,0,0),(867955,171058,0,0,0,0,0,0),(867955,278128,0,0,0,0,0,0),(867955,284230,0,0,0,0,0,0),(867956,49,90,0,0,0,0,0),(867956,641,77,0,0,0,0,0),(867956,643,84,2,2,0,0,0),(867956,1161,13,0,0,0,0,0),(867956,1427,0,0,0,0,0,0),(867956,1452,0,0,0,0,0,0),(867956,1460,84,0,0,0,0,0),(867956,1464,90,1,1,0,0,0),(867956,1468,13,0,0,0,0,0),(867956,2597,15,0,0,1,0,0),(867956,3246,0,0,0,0,0,0),(867956,20355,90,0,0,0,0,1),(867956,37127,90,0,0,0,0,0),(867956,50999,0,0,0,0,0,0),(867956,127769,90,1,0,0,0,0);
/*!40000 ALTER TABLE `match_stats` ENABLE KEYS */;
UNLOCK TABLES;

--
-- Table structure for table `physical_team`
--

DROP TABLE IF EXISTS `physical_team`;
/*!40101 SET @saved_cs_client     = @@character_set_client */;
/*!50503 SET character_set_client = utf8mb4 */;
CREATE TABLE `physical_team` (
  `id` int NOT NULL,
  `name` varchar(32) NOT NULL,
  PRIMARY KEY (`id`),
  UNIQUE KEY `name` (`name`)
) ENGINE=InnoDB DEFAULT CHARSET=utf8mb4 COLLATE=utf8mb4_0900_ai_ci;
/*!40101 SET character_set_client = @saved_cs_client */;

--
-- Dumping data for table `physical_team`
--

LOCK TABLES `physical_team` WRITE;
/*!40000 ALTER TABLE `physical_team` DISABLE KEYS */;
INSERT INTO `physical_team` VALUES (42,'Arsenal'),(66,'Aston Villa'),(35,'Bournemouth'),(55,'Brentford'),(51,'Brighton'),(49,'Chelsea'),(52,'Crystal Palace'),(45,'Everton'),(36,'Fulham'),(63,'Leeds'),(46,'Leicester'),(40,'Liverpool'),(50,'Manchester City'),(33,'Manchester United'),(34,'Newcastle'),(65,'Nottingham Forest'),(41,'Southampton'),(47,'Tottenham'),(48,'West Ham'),(39,'Wolves');
/*!40000 ALTER TABLE `physical_team` ENABLE KEYS */;
UNLOCK TABLES;

--
-- Table structure for table `player`
--

DROP TABLE IF EXISTS `player`;
/*!40101 SET @saved_cs_client     = @@character_set_client */;
/*!50503 SET character_set_client = utf8mb4 */;
CREATE TABLE `player` (
  `id` int NOT NULL,
  `first_name` varchar(64) NOT NULL,
  `last_name` varchar(64) NOT NULL,
  `physical_team_id` int NOT NULL,
  `position_id` int NOT NULL,
  `virtual_player_price` float NOT NULL,
  PRIMARY KEY (`id`),
  KEY `player_team_name_fk` (`physical_team_id`),
  KEY `player_position_fk` (`position_id`),
  CONSTRAINT `player_position_fk` FOREIGN KEY (`position_id`) REFERENCES `player_position` (`id`),
  CONSTRAINT `player_team_name_fk` FOREIGN KEY (`physical_team_id`) REFERENCES `physical_team` (`id`)
) ENGINE=InnoDB DEFAULT CHARSET=utf8mb4 COLLATE=utf8mb4_0900_ai_ci;
/*!40101 SET character_set_client = @saved_cs_client */;

--
-- Dumping data for table `player`
--

LOCK TABLES `player` WRITE;
/*!40000 ALTER TABLE `player` DISABLE KEYS */;
INSERT INTO `player` VALUES (5,'Manuel Obafemi','Akanji',50,1,9.8),(17,'Christian Mate','Pulišić',49,2,9.3),(18,'Jadon Malik','Sancho',33,3,8.9),(23,'Sergio','Gómez Martín',50,2,8.1),(44,'Rodrigo','Hernández Cascante',50,2,8.2),(49,'Thomas','Teye Partey',42,2,8.6),(54,'Diego','da Silva Costa',39,3,7.6),(76,'Marvelous','Nakamba',66,2,7.3),(80,'Emmanuel Bonaventure','Dennis',65,3,7.7),(83,'Arnaut','Danjuma Adam Groeneveld',47,3,9.1),(95,'Benoît Ntambue','Badiashile Mukinayi Baya',49,1,9.2),(104,'Carlos Vinícius','Alves Morais',36,3,7.6),(130,'Nélson','Cabral Semedo',39,1,9),(133,'Clément Nicolas Laurent','Lenglet',47,1,8.9),(147,'Philippe','Coutinho Correia',66,2,8.7),(150,'Arthur Henrique','Ramos de Oliveira Melo',40,2,9.8),(158,'Paulo Dino','Gazzaniga Farias',36,0,9.5),(163,'Sèrge Alain Stéphane','Aurier',65,1,7.8),(164,'Benjamin Thomas','Davies',47,1,9.2),(169,'Kieran John','Trippier',34,1,7.8),(171,'Kyle Leonardus','Walker-Peters',41,1,8.3),(172,'Bamidele Jermaine','Alli',45,2,9.9),(174,'Christian','Dannemann Eriksen',33,2,6.8),(178,'Lucas','Rodrigues Moura da Silva',47,3,9.3),(180,'Oliver William','Skipp',47,2,7.8),(182,'Harry Billy','Winks',47,2,10.3),(184,'Harry Edward','Kane',47,3,8),(186,'Heung-Min','Son',47,3,7.9),(190,'Cédric Ricardo','Alves Soares',36,1,7.4),(207,'Ivan','Perišić',47,2,9.1),(247,'Cody Mathès','Gakpo',40,3,8.2),(253,'Alphonse Francis','Aréola',48,0,8.3),(259,'Thiago','Emiliano da Silva',49,1,8),(261,'Jan Thilo','Kehrer',48,1,9.8),(263,'Layvin','Kurzawa',36,1,8),(279,'Loïc Junior','Mbe Soh',65,1,9.8),(280,'Alisson Ramsés','Becker',40,0,7.8),(281,'Caoimhín Odhrán','Kelleher',40,0,8.6),(283,'Trent John','Alexander-Arnold',40,1,8.3),(284,'Joseph Dave','Gomez',40,1,8.4),(286,'Job Joël André','Matip',40,1,8),(289,'Andrew Henry','Robertson',40,1,6.5),(290,'Virgil','van Dijk',40,1,6.7),(292,'Jordan Brian','Henderson',40,2,9.3),(293,'Curtis Julian','Jones',40,2,9.8),(294,'Naby Laye','Keïta',40,2,7.3),(296,'James Philip','Milner',40,2,8.6),(297,'Alexander Mark David','Oxlade-Chamberlain',40,2,6.9),(299,'Fábio Henrique','Tavares',40,2,9),(302,'Roberto Firmino','Barbosa de Oliveira',40,3,7.2),(306,'Mohamed','Salah Hamed Mahrous Ghaly',40,3,5),(318,'Kalidou','Koulibaly',49,1,7),(326,'Allan','Marques Loureiro',45,2,6.5),(371,'Felipe Augusto','de Almeida Monteiro',65,1,9.4),(378,'Alex','Nicolao Telles',33,1,8.4),(415,'Weston James Earl','McKennie',63,2,8.5),(507,'Thiago','Alcântara do Nascimento',40,2,9.2),(533,'Rasmus','Nissen Kristensen',63,1,7.3),(547,'Donny','van de Beek',33,2,6.9),(548,'Hakim','Ziyech',49,2,6.1),(567,'Rúben','dos Santos Gato Alves Dias',50,1,7.5),(583,'João','Félix Sequeira',49,3,7.6),(617,'Ederson','Santana de Moraes',50,0,6.1),(622,'Aymeric Jean Louis Gérard Alph','Laporte',50,1,8.8),(623,'Benjamin','Mendy',50,1,8.7),(626,'John','Stones',50,1,7.8),(627,'Kyle Andrew','Walker',50,1,8.4),(629,'Kevin','De Bruyne',50,2,8.9),(630,'Fabian','Delph',45,2,10.4),(631,'Philip Walter','Foden',50,2,8.3),(632,'Claudio Amarildo','Gomes',50,2,8.3),(633,'İlkay','Gündoğan',50,2,6.8),(635,'Riyad Karim','Mahrez',50,3,10.2),(636,'Bernardo','Mota Veiga de Carvalho e Silva',50,2,7.1),(638,'Ian Carlo','Poveda-Ocampo',63,3,6.8),(641,'Oleksandr','Volodymyrovych Zinchenko',42,2,6.8),(643,'Gabriel Fernando','de Jesus',42,3,8.7),(645,'Raheem Shaquille','Sterling',49,3,8.9),(657,'Kenny Joelle','Tete',36,1,8.6),(662,'Tanguy','Ndombélé Alvaro',47,2,6.1),(665,'Gnaly Albert Maxwel','Cornet',48,3,7.2),(671,'Bertrand Isidore','Traoré',66,3,8.3),(691,'Mateus Cardoso','Lemos Martins',46,3,7.5),(697,'Manor','Solomon',36,2,8.9),(723,'Joelinton Cassio','Apolinário de Lira',34,3,9.3),(727,'Reiss Luke','Nelson',42,3,10.1),(731,'Keylor Antonio','Navas Gamboa',65,0,9.5),(739,'Sergio','Reguilón Rodríguez',47,1,6.4),(742,'Raphaël Xavier','Varane',33,1,8.4),(747,'Carlos Henrique','Casimiro',33,2,7.8),(766,'Robin Patrick','Olsen',66,0,6.9),(842,'Nikola','Vlašić',48,2,8.5),(855,'João Pedro','Cavaco Cancelo',50,1,6.5),(863,'Rodrigo','Bentancur Colmán',47,2,6.6),(874,'Cristiano Ronaldo','dos Santos Aveiro',33,3,8.1),(882,'David','de Gea Quintana',33,0,6.8),(883,'Lee','Grant',33,0,9.4),(886,'José Diogo','Dalot Teixeira',33,1,8.6),(891,'Luke Paul Hoare','Shaw',33,1,7.9),(894,'Ashley Simon','Young',66,1,7.5),(895,'James David','Garner',45,2,6.9),(897,'Mason Will John','Greenwood',33,3,9.3),(899,'Andreas Hugo','Hoelgebaum Pereira',36,2,7.9),(900,'Jesse Ellis','Lingard',65,2,8.5),(903,'Scott Francis','McTominay',33,2,9.6),(905,'Frederico','Rodrigues de Paula Santos',33,2,9.4),(906,'Tahith Jose','Chong',33,2,10.3),(908,'Anthony Jordan','Martial',33,3,10.2),(909,'Marcus','Rashford',33,3,7.5),(912,'Norberto','Murara Neto',35,0,9.1),(925,'Gonçalo Manuel','Ganchinho Guedes',39,3,7.3),(935,'Rodrigo','Moreno Machado',63,3,9),(946,'Melingo Kevin','Mbabu',36,1,7.4),(978,'Kai Lukas','Havertz',49,2,7.4),(983,'Leon Patrick','Bailey Butler',66,3,6.2),(1093,'Enock','Mwepu',51,2,7.6),(1098,'Patson','Daka',46,3,8.7),(1100,'Erling','Braut Haaland',50,3,8.9),(1119,'Kristoffer','Vassbakk Ajer',55,1,9),(1125,'Ryan','Christie',35,2,7.3),(1131,'Armstrong Echezolachukwu Inya','Oko-Flex',48,3,8.8),(1135,'Odsonne','Édouard',52,3,7.8),(1145,'Ibrahima','Konaté',40,1,7.9),(1150,'Tyler Shaan','Adams',63,2,7.9),(1159,'Marcel','Sabitzer',33,2,7.7),(1161,'Emile','Smith Rowe',42,2,5.6),(1165,'Matheus Santos','Carneiro da Cunha',39,3,8.4),(1166,'Timo','Werner',49,3,8.8),(1231,'Vladimír','Coufal',48,1,9.2),(1243,'Tomáš','Souček',48,2,9.3),(1330,'Mislav','Oršić',41,3,7.4),(1370,'André Morgan','Rami Ayew',65,3,8.1),(1427,'Albert-Mboyo','Sambi Lokonga',52,2,5.6),(1438,'Bernd','Leno',36,0,6.7),(1439,'Héctor','Bellerín Moruno',42,1,5.6),(1452,'Mohamed Naser','Elsayed Elneny',42,2,8.3),(1455,'Alexander Chuka','Iwobi',45,3,7.4),(1456,'Ainsley Cory','Maitland-Niles',41,2,7.9),(1460,'Bukayo Ayoyinka','Saka',42,2,8.3),(1463,'Joseph George','Willock',34,2,8.6),(1464,'Granit','Xhaka',42,2,7.8),(1465,'Pierre-Emerick Emiliano Franço','Aubameyang',49,3,7.7),(1468,'Edward','Keddar Nketiah',42,3,8.1),(1469,'Daniel Nii','Tackie Mensah Welbeck',51,3,8.2),(1485,'Bruno Miguel','Borges Fernandes',33,2,8.2),(1558,'Joel','Robles Blázquez',63,0,8),(1564,'Héctor Junior','Firpo Adames',63,1,7.6),(1578,'Giovani','Lo Celso',47,2,8.9),(1590,'José Pedro','Malheiro de Sá',39,0,8.3),(1600,'Konstantinos','Tsimikas',40,1,7.3),(1605,'Daniel','Castelo Podence',39,2,8.1),(1646,'Lucas','Tolentino Coelho de Lima',48,2,7.1),(1649,'Patrick','Cutrone',39,3,8.8),(1697,'Pablo','Fornals Malla',48,2,8.6),(1746,'Joseph Adrian','Worrall',65,1,6.9),(1835,'Thomas','Strakosha',55,0,8),(1853,'Bruno André','Cavaco Jordão',39,2,8.2),(1864,'Pedro','Lomba Neto',39,3,8.7),(1902,'Duje','Ćaleta-Car',41,1,8.4),(1904,'Boubacar Bernard','Kamara',66,2,8.7),(1914,'Morgan Stéphane','Sanson',66,2,8.3),(1946,'Leandro','Trossard',42,3,7.3),(1972,'Loris','Karius',34,0,8.2),(2048,'Maximilian','Wöber',63,1,8.2),(2056,'Pablo','Sarabia García',39,2,9.3),(2061,'Bryan','Gil Salvatierra',47,3,7.2),(2114,'Moussa','Djenepo',41,2,9.3),(2165,'Vitalii','Mykolenko',45,1,9),(2273,'Kepa','Arrizabalaga Revuelta',49,0,8.6),(2275,'Wilfredo Daniel','Caballero Lazcano',41,0,8.3),(2278,'Marcos','Alonso Mendoza',49,1,6.2),(2279,'Ethan Kwame Colm Raymond','Ampadu',49,1,8.1),(2280,'César','Azpilicueta Tanco',49,1,8.8),(2281,'Gary','Cahill',35,1,9.5),(2284,'Emerson','Palmieri dos Santos',48,1,8.2),(2287,'Ross','Barkley',49,2,8.3),(2288,'Daniel Noel','Drinkwater',49,2,6.6),(2289,'Jorge Luiz','Frello Filho',42,2,8.7),(2290,'N\'\'Golo','Kanté',49,2,6),(2291,'Mateo','Kovačić',49,2,8.5),(2292,'Ruben Ira','Loftus-Cheek',49,2,8.5),(2294,'Willian','Borges da Silva',36,3,7.8),(2298,'Callum James','Hudson-Odoi',49,2,8.9),(2413,'Richarlison','de Andrade',47,3,7.7),(2461,'José Salomón','Rondón Giménez',45,3,8.9),(2473,'Manuel','Lanzini',48,2,8.9),(2484,'Yerry Fernando','Mina González',45,1,6.3),(2490,'Jefferson Andrés','Lerma Solís',35,2,8.7),(2507,'Miguel Ángel','Almirón Rejala',34,2,9),(2597,'Takehiro','Tomiyasu',42,1,8.4),(2676,'Rúben Diogo','da Silva Neves',39,2,6.8),(2677,'João Filipe','Iria Santos Moutinho',39,2,9.4),(2699,'Sayed Saman','Ghoddos',55,3,8.5),(2724,'Lucas','Digne',66,1,5.7),(2726,'Kurt Happy','Zouma',48,1,8.7),(2729,'Joachim Christian','Andersen',52,1,7.8),(2731,'Mathias','Jattah-Njie Jørgensen',55,1,9.1),(2734,'Philip','Anyanwu Billing',35,2,7),(2735,'Pierre-Emile','Kordt Højbjerg',47,2,9.4),(2778,'Kelechi Promise','Ịheanachọ',46,3,8.4),(2784,'Rúnar Alex','Rúnarsson',42,0,7.6),(2806,'Fabian Lukas','Schär',34,1,7.3),(2807,'Remo Marco','Freuler',65,2,7.8),(2810,'Denis Lemi','Zakaria Lako Lado',49,2,5.8),(2823,'Saša','Lukić',36,2,6.9),(2825,'Aleksandar','Mitrović',36,3,7.8),(2852,'Hans Carl Ludwig','Augustinsson',66,1,8),(2855,'Emil Henry Kristoffer','Krafth',34,1,7.8),(2887,'Raúl Alonso','Jiménez Rodríguez',39,3,7.8),(2920,'Timothy','Castagne',46,1,9.2),(2922,'Leander','Dendoncker',66,1,9.1),(2925,'Dennis Pierre Jacques Albert','Praet',46,2,7.9),(2926,'Youri Marion','Tielemans',46,2,8.3),(2927,'Michy','Batshuayi-Atunga',49,3,10.1),(2928,'Christian','Benteke Liolo',52,3,7.3),(2932,'Jordan Lee','Pickford',45,0,8.3),(2933,'Benjamin James','Chilwell',49,1,7.6),(2934,'Michael Vincent','Keane',45,1,8),(2936,'James Alan','Tarkowski',45,1,9),(2937,'Declan','Rice',48,2,8.3),(2938,'James Michael Edward','Ward-Prowse',41,2,7),(2939,'Callum Eddie Graham','Wilson',34,3,8.2),(2986,'Édouard Osoque','Mendy',49,0,7.9),(2990,'Idrissa Gana','Gueye',45,2,9),(2991,'Cheikhou','Kouyaté',65,2,8.8),(2997,'Łukasz Marek','Fabiański',48,0,7.5),(2999,'Jan Kacper','Bednarek',41,1,8.7),(3008,'Mateusz Andrzej','Klich',63,2,8.2),(3240,'Jean-Philippe','Gbamin',45,2,7.6),(3246,'Nicolas','Pépé',42,3,8),(3247,'Dazet Wilfried','Armel Zaha',52,3,7.7),(3339,'Cheick Oumar','Doucouré',52,2,8.2),(3421,'Daniel','Amartey',46,1,7.5),(3428,'Jordan Pierre','Ayew',52,3,9),(5996,'Enzo Jeremías','Fernández',49,2,7),(6009,'Julián','Álvarez',50,3,6.8),(6610,'Marcos Nicolás','Senesi Barón',35,1,8.5),(7722,'Saša','Kalajdžić',39,3,9.2),(8598,'Taiwo Micheal','Awoniyi',65,3,8.6),(8694,'Wout Felix Lina','Faes',46,1,7.3),(9926,'Gustavo Henrique','Furtado Scarpa',65,2,9),(9971,'Antony Matheus','dos Santos',33,3,8.9),(10122,'Renan Augusto','Lodi dos Santos',65,1,8.3),(10135,'Bruno','Guimarães Rodriguez Moura',34,2,7.2),(13489,'Jhon Jader','Durán Palacio',66,3,6.3),(15745,'Mads','Roerslev Rasmussen',55,1,9.5),(15799,'Ogochukwu  Frank','Onyeka',55,2,6.3),(15812,'Ebere Paul','Onuachu',41,3,7.4),(15908,'Mikkel','Krogh Damsgaard',55,2,6.9),(17365,'Harry Stefano','Toffolo',65,1,7.7),(17448,'Jordan Clifford','Smith',65,0,7.7),(17715,'Steven','Alzate',51,2,9),(17736,'Daniel','Lønne Iversen',46,0,6.2),(17772,'Charlie','Goode',55,1,9.3),(18146,'Daniel','Ward',46,0,8.2),(18739,'Willy-Arnaud','Zobo Boly',65,1,8.2),(18740,'Jonathan','Castro Otto',39,1,9),(18741,'Conor David','Coady',45,1,10.4),(18742,'Matthew James','Doherty',47,1,6.5),(18744,'Maximilian William','Kilman',39,1,7.2),(18745,'Rúben Gonçalo Silva','Nascimento Vinagre',45,1,7),(18746,'Morgan Anthony','Gibbs-White',65,2,7.1),(18751,'Ivan Ricardo','Neves Abreu Cavaleiro',36,3,7.7),(18752,'Hélder Wander','Sousa de Azevedo e Costa',63,3,8.6),(18753,'Adama','Traoré Diarra',39,3,8.9),(18758,'Séamus','Coleman',45,1,8.9),(18762,'Thomas','Davies',45,2,7.3),(18765,'André Filipe','Tavares Gomes',45,2,8.2),(18766,'Dominic Nathaniel','Calvert-Lewin',45,3,7.7),(18769,'Theo James','Walcott',41,3,8.4),(18770,'Eldin','Jakupovic',45,0,8),(18771,'Ricardo Domingos','Barbosa Pereira',46,1,8.2),(18772,'Jonathan Grant','Evans',46,1,8.2),(18776,'Çağlar','Söyüncü',46,1,10),(18777,'Marc Kevin','Albrighton',46,2,5.8),(18778,'Harvey Lewis','Barnes',46,2,9.2),(18779,'Hamza','Dewan Choudhury',46,2,7.1),(18781,'Demarai Ramelle','Gray',45,3,9.7),(18784,'James Daniel','Maddison',46,2,7),(18785,'Nampalys','Mendy',46,2,6.1),(18786,'Onyinye Wilfred','Ndidi',46,2,7.5),(18788,'Jamie Richard','Vardy',46,3,7.3),(18803,'Nathaniel Nyakie','Chalobah',36,2,9.6),(18805,'Abdoulaye','Doucouré',45,2,8.2),(18806,'William James','Hughes',52,2,9.2),(18812,'Adrián','San Miguel del Castillo',40,0,8.5),(18813,'Aaron William','Cresswell',48,1,6.1),(18814,'Issa Laye Lucas Jean','Diop',36,1,8.4),(18815,'Ryan','Marlowe Fredericks',35,1,8.7),(18817,'Angelo','Obinze Ogbonna',48,1,8),(18819,'Michail Gregory','Antonio',48,3,7.9),(18820,'Conor James','Coventry',48,2,7.4),(18823,'Benjamin Anthony','Johnson',48,1,7.9),(18826,'Mark','Noble',48,2,7.8),(18835,'Vicente','Guaita Panadero',52,0,7),(18836,'Wayne Robert','Hennessey',65,0,8.5),(18843,'Jeffrey','Schlupp',52,2,9.6),(18844,'James Oliver Charles','Tomkins',52,1,9.8),(18846,'Aaron','Wan-Bissaka',33,1,8.1),(18847,'Joel Edward Philip','Ward',52,1,6.1),(18849,'James','McFarlane McArthur',52,2,7.8),(18852,'Luka','Milivojević',52,2,9.9),(18853,'Jaïro Jocquim','Riedewald',52,1,7.8),(18854,'Andros Darryl','Townsend',45,2,6.9),(18858,'Asmir','Begović',45,0,6.8),(18860,'Mark','Travers',35,0,8.7),(18861,'Nathan Benjamin','Aké',50,1,9.1),(18862,'Nathaniel Edwin','Clyne',52,1,8.9),(18863,'Steve Anthony','Cook',65,1,7.7),(18866,'Christopher James','Mepham',35,1,8.7),(18869,'Adam James','Smith',35,1,7),(18870,'David Robert','Brooks',35,2,8.5),(18872,'Lewis John','Cook',35,2,7.7),(18873,'Ryan','Fraser',34,2,6.4),(18878,'Felix Junior','Stanislas',35,2,7.9),(18883,'Dominic Ayodele','Solanke-Mitchell',35,3,7.1),(18884,'Samuel William','Surridge',65,3,7.9),(18885,'Karl','Darlow',34,0,8.2),(18886,'Martin','Dúbravka',34,0,7.1),(18892,'Paul','Dummett',34,1,7.1),(18893,'Federico','Fernández',34,1,8),(18894,'Jamaal','Lascelles',34,1,7),(18896,'Javier','Manquillo Gaitán',34,1,9.2),(18901,'Sean David','Longstaff',34,2,8.6),(18902,'Robert Kenedy','Nunes do Nascimento',49,2,8.8),(18903,'Matthew Thomas','Ritchie',34,2,7.6),(18904,'Jonjo','Shelvey',65,2,8),(18906,'Ayoze','Pérez Gutiérrez',46,3,8.8),(18911,'Nicholas David','Pope',34,0,6.1),(18917,'Ben','Mee',55,1,8.1),(18929,'Dwight James Matthew','McNeil',45,3,8.2),(18931,'Christopher Grant','Wood',65,3,9.3),(18935,'Alex Simon','McCarthy',41,0,6.5),(18936,'Ryan Dominic','Bertrand',46,1,8.4),(18940,'Jack','Stephens',35,1,7),(18941,'Matthew Robert','Targett',34,1,9.1),(18942,'Yan','Valery',41,1,6.8),(18943,'Jannik','Vestergaard',46,1,6.9),(18945,'Stuart','Armstrong',41,2,7.8),(18946,'Mohamed Amine','Elyounoussi',41,2,9.2),(18947,'Mario René Junior','Lemina',39,2,6),(18948,'Nathan Daniel Jerome','Redmond',41,2,8),(18949,'Oriol','Romeu Vidal',41,2,7.5),(18955,'Daniel William John','Ings',48,3,7.1),(18959,'Robert','Lynch Sánchez',51,0,6.3),(18961,'Daniel Johnson','Burn',34,1,6.3),(18962,'Shane Patrick Michael','Duffy',36,1,9.2),(18968,'Yves','Bissouma',47,2,6.7),(18972,'Anthony Patrick','Knockaert',36,2,8.4),(18978,'Florin','Andone',51,3,9.2),(18985,'Alexander','Smithies',46,0,7.5),(18996,'Harry Nicholas','Arter',65,2,6.2),(19004,'Bobby Armani','De Cordova-Reid',36,3,7),(19012,'Marcus','Bettinelli',49,0,8.2),(19015,'Joseph Edward','Bryan',36,1,5.9),(19016,'Calum','Chambers',66,1,8.2),(19023,'Timothy Michael','Ream',36,1,6.6),(19025,'Tom','Cairney',36,2,10.7),(19027,'Neeskens','Kebano',36,2,6.6),(19032,'Kouassi Ryan','Sessegnon',47,2,8.4),(19035,'Harvey Daniel James','Elliott',40,2,7.6),(19043,'Terence','Kongolo',36,1,7.2),(19071,'Emiliano','Buendía Stati',66,2,7.1),(19073,'Benjamin Matthew','Godfrey',45,1,9.9),(19076,'Jamal Piaras','Lewis',34,1,9.3),(19088,'Dean Bradley','Henderson',65,0,7.5),(19116,'Luke David','Ayling',63,1,7.4),(19118,'Liam David Ian','Cooper',63,1,8.4),(19124,'Pontus','Jansson',55,1,9.5),(19126,'Stuart Alan','Dallas',63,1,8),(19127,'Adam John','Forshaw',63,2,8.7),(19128,'Jack David','Harrison',63,2,7.1),(19130,'Kalvin Mark','Phillips',50,2,9.2),(19134,'Patrick James','Bamford',63,3,8.9),(19143,'Samuel Luke','Johnstone',52,0,9.3),(19145,'Abdul-Nasir Oluwatosin','Oluwadoyinsolami Adarabioyo',36,1,6.4),(19147,'Craig','Dawson',39,1,7.7),(19150,'Mason Anthony','Holgate',45,1,8.7),(19163,'Jacob Kai','Murphy',34,2,8.4),(19173,'Matija','Šarkić',39,0,9.2),(19174,'Jed John','Steer',66,0,8.2),(19177,'Kortney Paul Duncan','Hause',66,1,8),(19179,'Tyrone Deon','Mings',66,1,7.4),(19182,'Axel','Tuanzebe',33,1,7.9),(19187,'Jack Peter','Grealish',50,2,7.9),(19191,'John','McGinn',66,2,8.8),(19192,'Jacob Matthew','Ramsey',66,2,8.3),(19195,'Anwar','El Ghazi',66,3,7),(19197,'Scott Paul','Carson',50,0,7.2),(19220,'Mason Tony','Mount',49,2,10.2),(19221,'Harry','Wilson',36,2,7.2),(19229,'Darren Edward Andrew','Randolph',35,0,6.7),(19235,'Diop Tehuti','Djed-Hotep Spence',47,1,5.7),(19245,'Marcus Joseph','Tavernier',35,2,7.1),(19263,'Lloyd Casius','Kelly',35,1,5.9),(19281,'Antoine Serlom','Semenyo',35,3,7.6),(19298,'Matthew Stuart','Cash',66,1,7.5),(19299,'Jack Raymond','Colback',65,2,8.4),(19305,'Ryan James','Yates',65,2,8.9),(19307,'Leonardo','Bonatini Lohner Maia',39,3,6.8),(19308,'Lewis','Grabban',65,3,6.5),(19309,'Joseph','Lolley',65,3,9.9),(19329,'Daniel Owen','James',36,3,8.3),(19341,'Daniel Ian','Bentley',39,0,8),(19345,'Mads','Bech Sørensen',55,1,9.9),(19346,'Rico','Henry',55,1,8.7),(19350,'Luka','Račić',55,1,8),(19352,'Sergi','Canós Tenes',55,2,9.1),(19354,'Ezri','Konsa Ngoyo',66,1,8.2),(19356,'Emiliano','Marcondes Camargo Hansen',35,3,8.3),(19361,'Mohamed Saïd','Benrahma',48,3,8),(19362,'Pelenda Joshua Tunga','Dasilva',55,2,6.4),(19364,'Neal','Maupay',45,3,9.1),(19366,'Oliver George Arthur','Watkins',66,3,8.3),(19393,'Joshua Oghenetega Peter','Onomah',36,2,9.9),(19428,'Jarrod','Bowen',48,3,8.8),(19454,'Benjamin David','Pearson',35,2,8.2),(19465,'David','Raya Martin',55,0,9.4),(19480,'Harrison James','Reed',36,2,9.3),(19482,'Joseph Matthew','Rothwell',35,2,8.9),(19484,'Adam James','Armstrong',41,3,9),(19495,'Nathan Michael','Collins',39,1,8.3),(19524,'Ché Zach Everton Fred','Adams',41,3,7.9),(19545,'Reece','James',49,1,8.3),(19549,'Antonee','Robinson',36,1,7.4),(19569,'Joseph Paul','Gelhardt',63,3,8.2),(19586,'Eberechi Oluchi','Eze',52,2,8.5),(19599,'Damián Emiliano','Martínez Romero',66,0,6.7),(19610,'Omar','Tyrell Crawford Richards',65,1,8.7),(19617,'Michael Akpovie','Olise',52,2,6.9),(19657,'Marek','Rodák',36,0,9.1),(19719,'James','Bree',41,1,9.2),(19720,'Trevoh Thomas','Chalobah',49,1,7.8),(19733,'Flynn','Downes',48,2,9.1),(19760,'James Michael','Justin',46,1,10),(19769,'Jack William','Stacey',35,1,6.3),(19789,'Ethan Rupert','Pinnock',55,1,9.5),(19804,'Kieffer Roberto Francisco','Moore',35,3,7.8),(19824,'Jordan Bhekithemba','Zemura',35,1,8.2),(19825,'Joseph Oluwaseyi Temitope','Ayodele-Aribo',41,2,7.2),(19831,'Tariqe','Fosu',55,2,8.7),(19842,'Lyle James Alfred','Taylor',65,3,5.4),(19860,'Matthew Edward','Barkell Clarke',51,1,8.6),(19866,'Jamal Akua','Lowe',35,3,7.8),(19964,'Ben Siriki','Dembélé',35,2,7.7),(19974,'Ivan Benjamin Elijah','Toney',55,3,7.7),(20069,'William Francis','Crellin',45,0,9.4),(20079,'Harry James','Souttar',46,1,9.4),(20093,'James Clayton','Hill',35,1,8.3),(20110,'Shandon','Baptiste',55,2,6),(20224,'Andrew Michael','Lonergan',45,0,8.5),(20355,'Aaron Christopher','Ramsdale',42,0,7.7),(20503,'Lewis John','O\'\'Brien',65,2,9.2),(20557,'Ibrahima','Diallo',41,2,8.7),(20589,'Bryan Tetsadong Marceau','Mbeumo',55,3,7.5),(20600,'Romain Paul Jean-Michel','Perraud',41,1,6.8),(20619,'Illan Stéphane','Meslier',63,0,7.1),(20649,'Yoane','Wissa',55,3,8.3),(21090,'Diego Carlos','Santos Silva',66,1,6.9),(21138,'Rayan','Aït-Nouri',39,1,7.5),(21636,'Frédéric','Guilbert',66,1,6.5),(21694,'Nayef','Aguerd',48,1,7.2),(22094,'Wesley Tidjan','Fofana',49,1,9),(22166,'Malang Mamadou William Georges','Sarr',49,1,7.6),(22173,'Allan Irénée','Saint-Maximin',34,3,6.5),(22233,'Boubakary','Soumaré',46,2,8.4),(22265,'Nuno Miguel','da Costa Jóia',65,3,7.1),(24882,'Orel Johnson','Mangala',65,2,6.7),(24888,'Hee-Chan','Hwang',39,3,7.2),(25004,'Stefan','Ortega Moreno',50,0,7.4),(25061,'Armel','Bella-Kotchap',41,1,8),(25073,'Vitaly','Janelt',55,2,8.6),(25416,'Wout','Weghorst',33,3,8.1),(25916,'Moussa','Niakhaté',65,1,7.4),(25927,'Jean-Philippe','Mateta',52,3,6.5),(26238,'Robin Leon','Koch',63,1,7.3),(26475,'Deniz','Undav',51,3,8.1),(30407,'Christian','Thers Nørgaard',55,2,8.8),(30435,'Dejan','Kulusevski',47,2,7.5),(30476,'Lyanco Evangelista','Silveira Neves Vojnović',41,1,7.5),(30544,'Gianluca','Scamacca',48,3,8.1),(30776,'Cristian Gabriel','Romero',47,1,9.3),(31057,'Hamed Junior','Traorè',35,2,8.4),(36922,'Sepp','van den Berg',40,1,8.7),(37127,'Martin','Ødegaard',42,2,8.4),(37161,'Luis Fernando','Sinisterra Lucumí',63,3,7.8),(37276,'Kjell','Scherpen',51,0,7.1),(37440,'Halil İbrahim','Dervişoğlu',55,3,5.7),(37724,'Crysencio Jilbert Sylverio Cir','Summerville',63,3,7.9),(38734,'Sven','Botman',34,1,6.7),(39105,'Kristoffer-August','Sundquist Klaesson',63,0,5.2),(40401,'Carlos Miguel','Ribeiro Dias',65,2,8),(40434,'César Joel','Valencia Castillo',55,3,9.5),(41104,'João Maria','Lobo Alves Palhinha Gonçalves',36,2,8.2),(41577,'Nuno Albertino','Varela Tavares',42,1,6.7),(41606,'Tote António','Gomes',39,1,8.4),(41621,'Matheus Luiz','Nunes',39,2,7.2),(41725,'Fábio Daniel','Ferreira Vieira',42,2,7.8),(44811,'Scott','Fraser McKenna',65,1,7.9),(44871,'Aaron','Buchanan Hickey',55,1,7.4),(44912,'Mark Joseph','Gillespie',34,0,8.7),(46792,'Pablo','Marí Villar',42,1,7.7),(47302,'Diego Javier','Llorente Ríos',63,1,8.7),(47341,'Marc','Roca Junqué',63,2,8.4),(47380,'Marc','Cucurella Saseta',49,1,7.9),(47438,'Mathias','Jensen',55,2,7.9),(47480,'Mohammed','Salisu Abdul Karim',41,1,7.5),(47519,'Pedro Antonio','Porro Sauceda',47,1,7.4),(47522,'Douglas Luiz','Soares de Paulo',66,2,6.6),(47547,'Alexandre','Moreno Lopera',66,1,8.2),(50739,'Brenden Russell','Aaronson',63,2,8.2),(50816,'Richmond Mamah','Laryea',65,1,9.8),(50999,'Matthew Charles','Turner',42,0,6.4),(51572,'Matías Nicolás','Viña Susperreguy',35,1,7.3),(51617,'Darwin Gabriel','Núñez Ribeiro',40,3,8.7),(60353,'Maksim','Paskotši',47,1,8.5),(61178,'Connor Patrick','Ronan',39,2,9.9),(63577,'Mykhailo','Mudryk',49,2,7.9),(64003,'Pascal Augustus','Struijk',63,1,6.9),(64167,'Gabriel Paweł','Słonina',49,0,8.9),(67971,'Addji Keaninkin Marc-Israel','Guéhi',52,1,6.7),(67972,'Conor John','Gallagher',49,2,7.8),(68127,'Kelland John William James','Watts',34,1,10.1),(69257,'Walter James','Byrne Furlong',51,1,8.4),(70078,'Facundo','Pellistri Rebollo',33,2,7),(70767,'Braian Óscar','Ojeda Rodríguez',65,2,8.6),(84081,'Giulian','Biancone',65,1,8.2),(90494,'Nathan','Wallace Newman Trott',48,0,8.8),(90590,'Georginio','Rutter',63,3,8.2),(105971,'Gavin Okeroghene','Bazunu',41,0,7.7),(106086,'Kofi','Balmer',52,2,7.9),(106725,'Keane William','Lewis-Potter',55,3,7.9),(126791,'Nathan Paul','Broadhead',45,3,7.3),(126949,'Christopher Jeffrey','Richards',52,1,8.3),(127472,'Nathaniel Harry','Phillips',40,1,7.3),(127605,'Nathan Kirk-Patrick','Ferguson',52,1,7.8),(127769,'Gabriel Teodoro','Martinelli Silva',42,3,7.5),(129643,'Evan Joe','Ferguson',51,3,6.8),(129707,'Tyrese Jay','Francois',36,2,9.2),(129711,'Brennan Price','Johnson',65,3,7),(129712,'Alexander Cole','Mighten',65,3,8.3),(130419,'Matthew Ben','Longstaff',34,2,6.5),(131278,'Charlie Steven','Allen',63,2,8.9),(135525,'Calvin William','Ramsay',40,1,8.9),(136723,'Chukwunonso Tristan','Madueke',49,3,7.8),(137220,'Andrew','Moran',51,2,8.7),(137302,'Cameron Desmond','Archer',66,3,8.4),(138411,'Liam John','Hughes',40,0,8.9),(138417,'Nathan Kenneth','Patterson',45,1,7.9),(138780,'Neco Shay','Williams',65,1,8.6),(138786,'Ellis Reco','Simms',45,3,9.7),(138787,'Anthony Michael','Gordon',34,3,6.4),(138793,'Harvey David','White',47,2,9.1),(138804,'Matěj','Kovář',33,0,8.7),(138806,'Brandon Paul Brian','Williams',33,1,7.7),(138822,'Armando','Broja',49,3,8.6),(138835,'Folarin Jerry','Balogun',42,3,8.2),(138849,'Kyle Alex','John',45,1,6),(138908,'Elliot','Anderson',34,2,8.7),(138929,'Lewis','Brunt',46,2,7.5),(138935,'Carney Chibueze','Chukwuemeka',49,2,8.3),(138937,'Filip','Marschall',66,0,7.3),(144709,'Joseph','Tetteh Anang',48,0,7.4),(144720,'Keenan','Appiah-Forson',48,2,6.6),(144723,'Krisztián','Hegyi',48,0,9.7),(144725,'Kamarai','Simon-Swyer',48,2,7.1),(144733,'Benjamin Leo','Knight',50,2,7.8),(144741,'Louie','Moulden',39,0,7.5),(148099,'Kiernan Frank','Dewsbury-Hall',46,2,7.5),(148270,'Oliwier','Zych',66,0,7.2),(149550,'Japhet Manzambi','Tanganga',47,1,8.4),(151754,'Leighton','Owen Clarkson',40,2,7.1),(151756,'William Jonathan','Dennis',35,0,8.5),(152418,'Naouirou Mohamed','Ahamada',52,2,6.9),(152949,'Dynel Brown','Kembo Simeu',41,1,8.8),(152955,'Lucas Carl Edvard','Bergström',49,0,7.3),(152957,'Lewis Paul Jimmy','Richards',39,1,7.6),(152969,'Luke Jonathan','Thomas',46,1,7.5),(152976,'Thomas Daniel','Hill',40,2,9.4),(152977,'Layton Rhys','Stewart',40,3,6.9),(152979,'James Barry','Norris',40,1,8.6),(152982,'Cole Jermaine','Palmer',50,2,10.2),(153066,'Fábio Leandro','Freitas Gouveia Carvalho',40,2,6.7),(153261,'Nathan','Young-Coombes',55,3,9),(153400,'Sam','Greenwood',63,3,8.2),(153407,'Nathan Jerome Chatoyer','Butler-Oyedeji',42,2,6.5),(153408,'Daniel','Oladele Akinbiyi Oyegoke',55,1,6.6),(153411,'Cody Callum Pierre','Drameh',63,1,7),(153420,'George Alexander','Wickens',36,0,7.5),(153429,'Teden Mambuene','Mengi',33,1,6.1),(153430,'Anthony David','Junior Elanga',33,3,7),(154800,'Malachi Michael','Fagan-Walcott',47,1,8.5),(154807,'Daniel','Chesters',48,2,8.3),(156490,'Niels Patrick','Nkounkou',45,1,7.7),(157912,'Boubacar','Traoré',39,2,8.2),(157997,'Amad','Diallo Traoré',33,3,7),(158432,'Chem','Campbell',39,2,8.5),(158694,'Valentino Francisco','Livramento',41,1,7.5),(158696,'Finley Jack','Burns',50,1,7.7),(158698,'Jarell','Amorin Quansah',40,1,7.1),(158710,'Victor','Bernth Kristiansen',46,1,7.6),(161671,'Illia','Zabarnyi',35,1,8.2),(161948,'Liam Rory','Delap',50,3,10.3),(162114,'Dion Joseph','Rankine',49,2,6.3),(162128,'Degnand Wilfried','Gnonto',63,3,8.9),(162148,'Max','Robson',47,2,11.4),(162150,'Nile Omari','Mckenzie John',47,2,8.3),(162517,'Lars','Dendoncker',51,1,7),(162590,'Tyler Scott','Morton',40,2,7.4),(162607,'Marqes','Muir',47,1,7.4),(162714,'Amadou Ba Zeund Georges','Mvom Onana',45,2,7.2),(162904,'Rhys','Williams',40,1,7.4),(163054,'Shola','Maxwell Shoretire',33,3,7.9),(167658,'Matthew Gerrard','Smith',42,2,7.2),(169291,'Viljami Kari Veikko','Sinisalo',66,0,8.4),(171058,'Harrison Charles','Ashby',34,1,7.2),(171059,'Jamal Marcus','Baptiste',48,1,9.6),(174174,'Terry','Ablade',36,3,6.1),(174918,'Loïc','Badé',65,1,6.9),(178077,'Kevin','Schade',55,3,8),(180289,'Christian','Saydee',35,3,7.1),(180316,'Harvey','Davies',40,0,10.2),(180560,'Hannibal','Mejbri',33,2,8.5),(180866,'Marcelo','de Araújo Pitaluga Filho',40,0,10.5),(181796,'Joshua Royston','Brooking',49,1,7),(181797,'Bashir','Humphreys',49,1,7.4),(182201,'Tyrick Kwon','Mitchell',52,1,8.7),(190686,'Sékou','Mara',41,3,7.1),(191337,'Tristan','Crama',55,1,8.1),(191971,'Jay','Stansfield',36,3,6.4),(192349,'George William','Shelvey',65,0,8.6),(195103,'João Victor','Gomes da Silva',39,2,8.1),(195106,'Rodrigo','Muniz Carvalho',36,3,9.2),(195717,'Yerson','Mosquera Valdelamar',39,1,8.7),(195962,'Francisco Jorge','Tavares Oliveira',39,3,9.5),(195993,'Carlos Jonas','Alcaraz',41,2,8.8),(196000,'Brooklyn David Anthony','Genesini',35,1,8.2),(196855,'Jaidon','Anthony',35,3,7.9),(199837,'Kamaldeen','Sulemana',41,2,9),(202086,'Jeremy Leonel','Sarmiento Morante',51,3,8.2),(204033,'Joseph Shaun','Hodge',39,2,7.3),(215873,'Alexander George Henry','Gilbert',55,3,7.8),(215874,'Thomas Christopher','Cannon',45,3,5.5),(216770,'Isak','Hansen-Aarøen',33,2,8),(216809,'Cameron Paul Jacques','Peupion',51,2,7.9),(231029,'Nathan Adewale Temitayo','Tella',41,2,8.7),(231062,'Arthur Chukwuezugo','Okonkwo',42,0,8.5),(237129,'Pape Matar','Sarr',47,2,8.3),(263538,'Ehor','Yarmolyuk',55,2,9.4),(266203,'John-Kymani Linton Michael','Gordon',52,3,7.9),(270357,'Killian','Phillips',52,2,7.3),(273757,'Alfie Sean','Devine',47,2,6.7),(273760,'Amari Miquel','Miller',63,2,9.1),(274550,'Harvey James','Vale',49,2,8.6),(275170,'Danilo','dos Santos de Oliveira',65,2,8.9),(276263,'Finley','Stevens',55,1,8.2),(278041,'Matthew','Cox',55,0,7.9),(278075,'Cătălin Ionuț','Cîrjan',42,2,8.1),(278085,'Samuel Ikechukwu','Edozie',41,3,7.3),(278123,'Sebastian','Revan',66,1,7.9),(278128,'Joshua Darius','Kamani Wilson-Esbrand',50,1,6.1),(278129,'Luke','Mbete-Tabu',50,1,6.5),(278133,'Oscar','Bobb',50,2,8.9),(278232,'Pierre-Emmanuel','Ekwah Elimby',48,2,8.4),(278235,'Kristan Richard','Moore',63,1,8),(278240,'Harry Thomas','Christy',63,0,7.8),(278242,'Jeremiah','Chukwuedo Chilokoa-Mullen',63,1,8.1),(280672,'Edward James','Turns',51,1,7.4),(280687,'Hugo','Bueno López',39,1,7.8),(282124,'Darko','Boateng Gyabi',63,2,6.2),(282125,'Roméo','Lavia',41,2,8.5),(282136,'Noam','Fritz Emeran',33,3,8.5),(282903,'Tristan Danique','van den Heuvel',63,0,10.7),(283289,'Arjan','Singh Raikhy',66,2,6.5),(283290,'Kasey','McAteer',46,2,7.8),(284059,'Luke Elliot','Plange',52,3,8.5),(284060,'Levi Alexander','Laing',48,1,6.7),(284062,'Khayon','Edwards',42,3,7.8),(284187,'Stanley','Mills',45,2,7.7),(284230,'Rico Henry','Lewis',50,1,8.6),(284237,'Dexter','Joeng Woo Lembikisa',39,1,9.1),(284247,'Harvey','Blair',40,3,6.5),(284248,'Melkamu Benjamin Daniel','Frauendorf',40,3,8.1),(284253,'Dominic','Corness',40,2,7.7),(284262,'Harvey','Lawson Griffiths',39,2,7.7),(284264,'Juan','Larios López',41,1,8.1),(284266,'Lewis Wesley','Warrington',45,2,7.7),(284267,'Isaac Jude','Price',45,2,8),(284286,'Isaac','Mabaya',40,2,7.5),(284295,'Zidane Aamar','Iqbal',33,2,5.6),(284322,'Kobbie','Mainoo',33,2,6.9),(284323,'Charlie William Henry','Savage',33,2,8.1),(284324,'Alejandro','Garnacho Ferreyra',33,3,6.2),(284327,'Reece','Belfield Welch',45,1,7.2),(284356,'Shea Emmanuel','Charles',50,1,8.5),(284361,'Radek','Vítek',33,0,7.9),(284362,'Björn Bryan','Hardley',33,1,7.2),(284363,'Rhys Joseph','Wright Bennett',33,1,7.7),(284366,'Luke','Chambers',40,1,9),(284390,'James','Wright',66,0,7.7),(284391,'Sam','Murray',33,1,8.1),(284396,'Joseph Oliver','Wormleighton',46,1,7.8),(284405,'Benjamin Njongoue','Elliott',49,2,7.8),(284406,'Alfie','Gilchrist',49,1,8.1),(284408,'Sonny','Tufail Perkins',63,3,7.3),(284409,'Divin Saku','Mubama',48,3,7.2),(284414,'Romaine Lee','Mundle',47,2,7.3),(284415,'Yago','de Santiago Alonso',47,2,6.8),(284418,'Kallum Xzeiba Tracey','Cesay',47,2,8.1),(284419,'Michael','Forbes',48,1,8.5),(284423,'Ryan James','Finnigan',41,2,8.9),(284424,'Diamond','Diamond Lazane Edwards',41,2,9.1),(284427,'Lewis','James Payne',41,1,9.7),(284428,'Omari Elijah','Giraud-Hutchinson',49,2,7.2),(284439,'Lino','da Cruz Sousa',42,1,8.4),(284442,'Charles Clive','Webster',49,2,10.1),(284446,'Freddie','Potts',48,2,8.1),(284449,'Jesurun','Rak-Sakyi',52,2,9.1),(284457,'Lamare Trenton','Chansey Bogarde',66,1,7.6),(284459,'Malik','Maine Mothersille',49,3,7.8),(284464,'Maliq Anthony','Cadogan',52,2,8.2),(284471,'Stefan Charles Earl','Parkes',36,1,9.2),(284474,'Michael Oluwakorede','Olakigbe',55,3,6.8),(284475,'Luke Bernard','Harris',36,2,8),(284487,'Wanya','Marçal-Madivadua',46,2,7),(284492,'Lewis Kieran','Hall',49,2,6.5),(284493,'Omotayo Daniel','Adaramola',52,1,8.2),(284500,'Timothy Emeka','Iroegbunam',66,2,7.4),(284523,'Sil','Laurentius Swinkels',66,1,7.7),(284530,'Brandon Ashley','Cover',46,2,7.3),(284539,'Hubert','Graczyk',42,0,7.5),(284540,'Mauro','Gomes Bandeira',42,2,7.9),(284549,'Joseph Charles','Whitworth',52,0,6.8),(284551,'Jack Campbell','Wells-Morrison',52,2,9.2),(284554,'Owen Olamidayo','Goodman',52,0,6.5),(284556,'Tommi Dylan','O\'\'Reilly',66,2,7.8),(284557,'Zane','Monlouis',42,1,7.2),(284571,'Charles Kwame','Sagoe Junior',42,3,9.1),(284797,'Dango Aboubacar Faissal','Ouattara',35,3,7.1),(286764,'Kaide','Gordon',40,3,7.5),(287111,'Fabian','Mrozek',40,0,7.8),(288106,'Marc','Jurado Gómez',33,1,9.1),(288109,'Alexander Sean Pablo','Robertson',50,2,8.7),(288115,'James','Storer',39,0,7.5),(288116,'Kaelan','Casey',48,1,7.2),(288118,'Lewis','Orford',48,2,7.2),(288121,'Luciano Paul','D\'\'Auria-Henry',36,1,7.3),(288125,'Regan','Clayton',48,1,8.2),(288279,'Luiz Gustavo','Oliveira da Silva',48,1,8.4),(288699,'Máximo','Perrone',50,2,8.2),(289608,'Joseph Leonard','Snowdon',63,2,7.3),(289624,'Samuel Charles','Braybrooke',46,2,8.9),(290962,'Ben','Greenwood',35,1,8.4),(291022,'Joshua','Keeley',47,0,7.6),(291476,'David Datro','Fofana',49,3,7.7),(293162,'Jadan','Raymond',52,2,7.9),(293163,'Jamie','Donley',47,3,8.1),(293167,'Joe','Sheridan',52,1,6.2),(296085,'Diogo','Pinheiro Monteiro',63,1,10.5),(296121,'Jack Samuel Lawrence','Hinchy',51,2,6.8),(297187,'Leo','Fuhr Hjelde',63,1,7.9),(301295,'Kaden Kai','Rodney',52,2,8.5),(303010,'Daniel','Gore',33,2,9.6),(303019,'Nathan John Mark','Fraser',39,3,7.1),(303460,'Dominic','Ballard',41,3,7.7),(303462,'Kamari','Doyle',41,2,7.5),(304320,'David Ikechukwu','Ozoh',52,2,8),(305730,'Jack','Hinshelwood',51,2,8.4),(305732,'Thomas','Wilson-Brown',46,1,7.6),(305733,'William Thomas','Alves',46,2,7.6),(309501,'Amario','Cozier-Duberry',42,2,7.7),(309505,'Reuell','Walters',42,1,8.7),(309507,'Bradley','Ibrahim',42,2,8.5),(310187,'Stefan','Bajčetić Maquieira',40,1,5.5),(311334,'Facundo Valentín','Buonanotte',51,2,7.9),(311520,'Marcus Vinícius','Oliveira Alencar',42,3,6.9),(311817,'Alfie','Dorrington',47,1,9),(312118,'Joshua','Feeney',66,1,8.3),(312260,'Kadan','Young',66,3,8.2),(313059,'Mateo','Joseph Fernández Regatillo',63,3,6.7),(313236,'Ethan Chidiebere','Nwaneri',42,2,10.2),(313245,'Myles Anthony','Lewis-Skelly',42,2,7.5),(313636,'Adler Bruno','Sá Nogueira de Nascimento',52,3,7.5),(325967,'Oliver Jack','Hammond',65,2,10.2),(327602,'Detlef Esapa','Osong',65,3,5.3),(327603,'Alex','Gibson-Hammond',65,2,9.5),(327730,'Oliver','Scarles',48,2,7.3),(327736,'Charlie James','Robinson',36,1,7.4),(328089,'Archie','Gray',63,2,8.8),(328093,'Ishé','Samuels-Smith',45,1,8.8),(328101,'Tyler','Fredricson',33,1,7.6),(328105,'Lewis','Miley',34,2,8),(328808,'Malcolm','Perewari Ebiowei',52,3,9.4),(329357,'Zach','Abbott',65,1,6.6),(330982,'Jimmy Jay','Morgan',41,3,9.6),(331009,'Charlie','Sayers',47,1,6.7),(331563,'Mason Paul James','Burstow',49,3,8.1),(334725,'Dominic','Sadi',35,2,7.6),(334729,'Bobby Lamont','Clark',40,3,7.5),(334734,'James Boluwatife','Debayo',63,1,8),(335116,'Kristian','Šekularac',36,2,9.2),(339138,'Dale','Taylor',65,3,6.8),(343576,'Ben','Gannon Doak',40,3,9.8),(344908,'Matthew','Vigor',52,2,9.4),(347066,'Euan','Pollock',35,3,7.6),(350590,'Tarik','Gidaree',35,1,7.9),(350627,'Joshua','Addae',52,1,8.3),(359386,'Becket Fabrice-Martial','Godo',36,3,7.2),(378868,'Callum','McFarlane',36,3,8.3),(382160,'Daniel','Adu-Adjei',35,3,8),(382163,'Owen Lucas','Bevan',35,1,6.9),(382166,'Cameron','Plain',35,0,8.4),(382167,'Jack','Wadham',35,2,7.3),(382170,'Maxwell','Kinsey-Wellings',35,1,8.6),(382925,'Ryan','Trevitt',55,2,8.7),(382930,'Ferdinand','Okoh',35,2,8.3),(390769,'Michael','Dacosta Gonzales',35,2,7),(393195,'William','Lankshear',47,3,7.7);
/*!40000 ALTER TABLE `player` ENABLE KEYS */;
UNLOCK TABLES;

--
-- Table structure for table `player_position`
--

DROP TABLE IF EXISTS `player_position`;
/*!40101 SET @saved_cs_client     = @@character_set_client */;
/*!50503 SET character_set_client = utf8mb4 */;
CREATE TABLE `player_position` (
  `id` int NOT NULL,
  `name` varchar(16) NOT NULL,
  PRIMARY KEY (`id`)
) ENGINE=InnoDB DEFAULT CHARSET=utf8mb4 COLLATE=utf8mb4_0900_ai_ci;
/*!40101 SET character_set_client = @saved_cs_client */;

--
-- Dumping data for table `player_position`
--

LOCK TABLES `player_position` WRITE;
/*!40000 ALTER TABLE `player_position` DISABLE KEYS */;
INSERT INTO `player_position` VALUES (0,'Goalkeeper'),(1,'Defender'),(2,'Midfielder'),(3,'Attacker');
/*!40000 ALTER TABLE `player_position` ENABLE KEYS */;
UNLOCK TABLES;

--
-- Table structure for table `users`
--

DROP TABLE IF EXISTS `users`;
/*!40101 SET @saved_cs_client     = @@character_set_client */;
/*!50503 SET character_set_client = utf8mb4 */;
CREATE TABLE `users` (
  `username` varchar(32) NOT NULL,
  `first_name` varchar(32) NOT NULL,
  `last_name` varchar(32) NOT NULL,
  `date_of_birth` date NOT NULL,
  `password` varchar(32) NOT NULL,
  PRIMARY KEY (`username`)
) ENGINE=InnoDB DEFAULT CHARSET=utf8mb4 COLLATE=utf8mb4_0900_ai_ci;
/*!40101 SET character_set_client = @saved_cs_client */;

--
-- Dumping data for table `users`
--

LOCK TABLES `users` WRITE;
/*!40000 ALTER TABLE `users` DISABLE KEYS */;
INSERT INTO `users` VALUES ('nandi.u','Utsav','Nandi','1995-07-03','helloworld');
/*!40000 ALTER TABLE `users` ENABLE KEYS */;
UNLOCK TABLES;

--
-- Table structure for table `venue`
--

DROP TABLE IF EXISTS `venue`;
/*!40101 SET @saved_cs_client     = @@character_set_client */;
/*!50503 SET character_set_client = utf8mb4 */;
CREATE TABLE `venue` (
  `id` int NOT NULL,
  `name` varchar(128) NOT NULL,
  `address` varchar(256) DEFAULT NULL,
  `country` varchar(32) NOT NULL,
  `capacity` int DEFAULT NULL,
  PRIMARY KEY (`id`)
) ENGINE=InnoDB DEFAULT CHARSET=utf8mb4 COLLATE=utf8mb4_0900_ai_ci;
/*!40101 SET character_set_client = @saved_cs_client */;

--
-- Dumping data for table `venue`
--

LOCK TABLES `venue` WRITE;
/*!40000 ALTER TABLE `venue` DISABLE KEYS */;
INSERT INTO `venue` VALUES (489,'Wembley Stadium','Stadium Way, Wembley, Brent','England',90000),(490,'Wham Stadium','Livingston Road','England',5397),(491,'Mill Farm Stadium','Coronation Way','England',6000),(493,'Electrical Services Stadium','High Street','England',7100),(494,'Emirates Stadium','Queensland Road','England',60383),(495,'Villa Park','Trinity Road','England',42788),(496,'The Hive Stadium','Camrose Avenue, Canons Park, Edgware','England',6418),(497,'Oakwell','Grove Street','England',23009),(500,'Ewood Park','Nuttall Street','England',31367),(501,'Bloomfield Road','Seasiders Way','England',17625),(502,'University of Bolton Stadium','Burnden Way','England',28723),(503,'Meadow Park','Broughinge Road','England',4502),(504,'Vitality Stadium','Dean Court, Kings Park','England',12000),(507,'Griffin Park','Braemar Road, London Borough of Hounslow','England',12763),(508,'The American Express Community Stadium','Village Way','England',31800),(509,'Ashton Gate','Ashton Road','England',27000),(510,'Memorial Stadium','Filton Avenue, Horfield','England',11916),(511,'Hayes Lane','Hayes Lane, Bromley','England',5000),(512,'Turf Moor','Harry Potts Way','England',22546),(513,'Pirelli Stadium','Princess Way','England',6912),(514,'Gigg Lane','Gigg Lane','England',11840),(515,'Abbey Stadium','Newmarket Road','England',10847),(516,'Cardiff City Stadium','Leckwith Road','England',33280),(517,'Brunton Park','Warwick Road','England',18202),(518,'The Valley','Floyd Road, Charlton','England',27111),(519,'Stamford Bridge','Fulham Road','England',41841),(522,'JobServe Community Stadium','United Way','England',10083),(525,'Selhurst Park','Holmesdale Road','England',26309),(526,'Chigwell Construction Stadium','Victoria Road','England',6078),(527,'Pride Park Stadium','Pride Park, Royal Way','England',33597),(529,'The Perrys Crabble Stadium','Lewisham Road, River','England',6500),(530,'Silverlake Stadium','Stoneham Lane','England',5250),(532,'St James Park','Stadium Way','England',8830),(533,'Highbury Stadium','Park Avenue','England',5327),(535,'Craven Cottage','Stevenage Road','England',25700),(536,'Gateshead International Stadium','Neilson Road','England',11750),(538,'Blundell Park','Blundell Park','England',9546),(539,'The Shay Stadium','Skircoat Road','England',10061),(543,'John Smith\'s Stadium','Stadium Way','England',24554),(545,'Portman Road','Portman Road','England',30311),(546,'Elland Road','Elland Road','England',40204),(547,'King Power Stadium','Filbert Way','England',34310),(550,'Anfield','Anfield Road','England',55212),(551,'Kenilworth Road','1 Maple Road','England',10226),(553,'York Road Stadium','York Road','England',4000),(554,'Gallagher Stadium','James Whatman Way','England',4200),(555,'Etihad Stadium','Rowsley Street','England',55097),(556,'Old Trafford','Sir Matt Busby Way','England',76212),(557,'One Call Stadium','Quarry Lane','England',8186),(558,'Riverside Stadium','Dockside Road','England',34988),(559,'The Den','Zampa Road, Bermondsey','England',20146),(560,'Stadium mk','Stadium Way West','England',30500),(562,'St. James\' Park','St. James&apos; Street','England',52389),(565,'Carrow Road','Carrow Road','England',27606),(566,'The City Ground','Pavilion Road','England',30576),(567,'Meadow Lane','Meadow Lane','England',19588),(568,'Boundary Park','Furtherwood Road, Royton','England',10638),(569,'The Kassam Stadium','Grenoble Road','England',12500),(570,'Weston Homes Stadium','London Road','England',15142),(571,'Home Park','Gilbert Lane','England',19500),(572,'Vale Park','Hamil Road, Burslem','England',19052),(573,'Fratton Park','Frogmore Road','England',20821),(574,'Deepdale','Deepdale Road','England',23408),(577,'Crown Oil Arena','Sandy Lane','England',10249),(578,'AESSEAL New York Stadium','Don Street','England',12021),(579,'The Peninsula Stadium','Moor Lane','England',5100),(581,'Bramall Lane','Bramall Lane','England',32702),(582,'Hillsborough','Penistone Road North, Hillsborough','England',39814),(583,'Montgomery Waters Meadow','Oteley Road','England',10361),(585,'St. Mary\'s Stadium','Britannia Road','England',32689),(586,'Roots Hall','Victoria Avenue, Prittlewell','England',12392),(587,'The Lamex Stadium','Broadhall Way','England',7100),(588,'bet365 Stadium','Stanley Matthews Way','England',30089),(589,'Stadium of Light','Millenium Way','England',49000),(592,'The County Ground','County Road','England',15728),(593,'Tottenham Hotspur Stadium','Bill Nicholson Way, 748 High Road','England',62850),(594,'Prenton Park','Prenton Road West','England',16567),(596,'Vicarage Road','Vicarage Road','England',22200),(597,'The Hawthorns','Halfords Lane','England',28003),(598,'London Stadium','Marshgate Lane, Stratford','England',62500),(599,'DW Stadium','Robin Park, Loire Drive','England',25138),(600,'Molineux Stadium','Waterloo Road','England',32050),(602,'Adams Park','Hillbottom Road','England',10000),(603,'Huish Park Stadium','Lufton Way, Lufton','England',9665),(2689,'The Laithwaite Community Stadium','Kingfield Road','England',6036),(2690,'Lookers Vauxhall Stadium','Bumpers Lane','England',5376),(2691,'Nethermoor Park','Otley Road','England',3000),(2692,'Plainmoor Ground','Marnham Road, Plainmoor','England',6104),(2693,'Eon Visual Media Stadium','Church Road','England',2700),(2694,'Haig Avenue','Haig Avenue','England',6008),(3526,'The Impact Arena','North Street','England',3600),(3527,'AGP Arena','Blunts Wall Road','England',3500),(3528,'The Chorley Group Victory Park Stadium','Duke Street','England',4100),(3529,'Beveree Stadium','Beaver Close','England',3350),(3530,'Coles Park','Tottenham, Borough of Haringey','England',2710),(3531,'Top Field','Fishponds Road','England',4000),(3532,'Imber Court','Ember Lane','England',3000),(3533,'Court Place Farm','Marsh Road, Marston','England',2000),(3534,'Arbour Park','Stoke Road','England',2084),(3535,'Edgeley Park','Hardcastle Road, Edgeley','England',10852),(3536,'Woodspring Stadium','Winterstoke Road','England',3000),(3537,'New Bucks Head Ground','Watling Street, Wellington','England',6300),(3539,'Princes Park','Darenth Road, Grassbanks','England',4100),(3540,'The Gainsborough Martin & Co Arena','North Street','England',4304),(3541,'Edgar Street Athletic Ground','Edgar Street','England',8843),(3543,'Ewen Fields','Grange Road','England',4100),(3544,'Aggborough Stadium','Hoo Road','England',6453),(3545,'Fetcham Grove','Guildford Road','England',3400),(3546,'The Weaver Stadium','Water Lode','England',3500),(3547,'Sheerien Park','Ollerton Road, Athersley North','England',2000),(3549,'The J. Davidson Stadium','Moss Lane','England',6085),(3551,'The Meadow','Amy Lane','England',2000),(3552,'Tameside Stadium','Richmond Street','England',4000),(3553,'Priory Lane Stadium','Priory Lane, Langney','England',5644),(3554,'Earlsmead Stadium','Carlyon Avenue','England',3070),(3555,'Moatside Stadium','Weldon Way','England',2000),(3556,'The Brewery Field','Wood Vue','England',6000),(3557,'Clarence Park','York Road','England',4500),(3558,'The Zeeco Stadium','Ryhall Road','England',2000),(3559,'War Memorial Athletic Ground','High Street, Amblecote','England',3550),(3560,'Cygnet Health Care Stadium','Wordsworth Drive','England',2500),(3561,'The Enclosed Ground','East Brighton Park / Off Wilsons Avenue','England',2000),(4940,'Shielfield Park','Etal Road, Tweedmouth','England',4476),(5201,'Colney Training Centre','Hethersett Lane','England',1000),(5202,'Bodymoor Heath Training Ground','Bond Street, Nr. Tamworth','England',1000),(5205,'Motspur Park','Motspur Park','England',2000),(5206,'Liverpoolu2019s Academy Ground','The Liverpool Way, Kirkby','England',1000),(5208,'Staplewood Training Ground','Long Lane, Marchwood','England',3000),(5210,'The Homelands','Ashford Road, Kingsnorth','England',3535),(5211,'Parkside Stadium','Park Lane','England',1500),(5212,'Mayesbrook Park','Lodge Avenue','England',2500),(5213,'Mill Road','Mill Road','England',5000),(5214,'The Gardiners Close Stadium','Gardiners Close','England',4000),(5215,'Bedfont Sports Recreation Ground','Hatton Road','England',3000),(5216,'The Oval','Coventry Road','England',3000),(5217,'Broadwater','Broadwater','England',2500),(5218,'The Sports Ground','Kingsley Road','England',2000),(5219,'The Brentwood Centre Arena','Doddinghurst Road','England',1000),(5220,'Leylands Park','Maple Drive','England',2000),(5222,'High Road','High Road','England',2000),(5223,'The Causeway','Edge Hills Road, Hilldene','England',3500),(5224,'Steel Park','Rockingham Road','England',3893),(5225,'NPower Loop Meadow Stadium','Bowmont Water','England',3000),(5226,'Butcher\'s Arms Ground','Market Street, Tameside','England',3000),(5228,'The Stadium Cheshunt','Theobalds Lane','England',3000),(5229,'AlderSmith Stadium','Badgers Hill, Berkley Road','England',5000),(5230,'The Amdec Forklift Stadium','Surrey Street','England',2374),(5231,'Burroughs Park','Burroughs Park','England',3500),(5232,'Footes Lane Stadium','Footes Lane','England',5000),(5233,'The Pilot Field','Elphinstone Road','England',4050),(5235,'Save On Tyres Stadium','None','England',1000),(5236,'Reachfields Stadium','Fort Road','England',3000),(5237,'New Manor Ground','Awsworth Road','England',3500),(5239,'The Plain Ham Ground','Larkhall','England',1000),(5240,'Harrison Park','Macclesfield Road','England',3600),(5241,'Greenfields Sports Ground','Greenfields Lane','England',1000),(5242,'infiLED Arena','Snowberry Lane','England',1000),(5246,'Phoenix Sports FC Ground','Mayplace Road East','England',1000),(5247,'Mill Lane','Mill Lane','England',2000),(5251,'King George\'s Field','Whitehall Lane, South Park','England',700),(5252,'Bracken Moor','Bracken Moor Lane','England',3500),(5253,'Central Ground','Coles Lane','England',2000),(5254,'Waterside Park','Chamberhouse Mill Lane','England',1500),(5255,'Chadfields','St. Chads Road','England',4000),(5256,'Imperial Fields','Bishopsford Road','England',3500),(5257,'Honeycroft','Horton Road, West Drayton','England',3770),(5258,'The Oakwood','Old Road','England',1400),(5259,'Capershotts','Sewardstone','England',3500),(5260,'Alfredian Park','None','England',1500),(5261,'Woking Park','Westfield','England',1000),(5262,'Church Road','Church Road','England',2000),(5263,'The Stan Robinson Stadium','Silver Street','England',1000),(5264,'Simarco Stadium','Spa Road','England',2500),(5265,'Borough Park','New Bridge Road','England',3101),(5477,'Creasey Park Community Football Centre','Creasey Park Drive','England',3200),(5478,'Hillgrounds Leisure','Hillgrounds Leisure, Hillgrounds Road','England',2000),(5480,'The Robert Parker Stadium','Short Lane','England',2550),(5481,'Sharpenhoe Road','Sharpenhoe Road','England',4000),(5483,'The New Eyrie','Meadow Lane','England',4000),(5484,'Christchurch Meadow','Bridge Street','England',2400),(5485,'The Carlsberg Stadium','Langford Road','England',3000),(5486,'Larges Lane','Larges Lane','England',2500),(5487,'The Yorkshire Payments Stadium','St Giles Road','England',800),(5488,'The Creek','Portway','England',2000),(5490,'The Frost Hire Stadium','Park Lane','England',4308),(5492,'Mill Meadow','Gravel Hill','England',1500),(5493,'The Scholars Ground','Church Street, Chasetown','England',2000),(5494,'Alwyns Lane Football Ground','Alwyns Lane','England',2500),(5495,'Oaklands Park','Oaklands Way','England',2000),(5496,'The Corinium Stadium','Kingshill Lane','England',4500),(5497,'Berry Street Garage Stadium','Vesty Road','England',2500),(5499,'Shawbridge','off Pendle Road','England',2000),(5500,'West Street','West Street','England',1000),(5501,'Pack Meadow','Packington Lane','England',2070),(5503,'DGS Marine Stadium','Middle Park Avenue, Eltham','England',1000),(5504,'Communications Park','Browns Road','England',5000),(5505,'Aldiss Park','None','England',3000),(5506,'UTS Stadium','Wellington Road, Dunston','England',2500),(5507,'The Spiers & Hartwell Jubilee Stadium','Cheltenham Road','England',2000),(5509,'The Goldstar Ground','Dellwood Avenue','England',2000),(5510,'Westfield Lane Stadium','Westfield Lane','England',2087),(5511,'The Grove','Old Hawne Lane','England',5000),(5512,'The Powerday Stadium','Perivale, Borough of Ealing','England',2000),(5514,'Hanbury Park','3 Allen Road','England',5000),(5515,'Hertingfordbury Park','West Street','England',6500),(5516,'Lower Road','Lower Road','England',1000),(5517,'Yarnton Road','Yarnton Road','England',1500),(5519,'Sun Hat Villas & Resorts Stadium','Ashby Avenue','England',2200),(5520,'Nanpantan Sports Ground','Nanpantan Road','England',1500),(5521,'Wallace Binder Stadium','Park Drive','England',2000),(5522,'Cossham Street Stadium','Cossham Street','England',2500),(5523,'The Marine Travel Arena','College Road','England',2800),(5524,'Alfred Davis Memorial Ground','Oak Tree Road','England',1500),(5525,'GER Stadium','Mount Pleasant Avenue','England',2500),(5526,'Moneyfields Sports Ground','Dover Road &amp; Moneyfields Avenue','England',2000),(5527,'Seel Park','Market Street','England',4000),(5528,'Eynsham Hall Park','Nursery Road','England',426),(5529,'The Stade France Ingfield','Prospect Road','England',2000),(5530,'Valerie Park','Eaton Street / Hope Street','England',3200),(5531,'The Harry Williams Riverside Stadium','Acrebottom','England',2000),(5533,'Millbank Linnets Stadium','Murdishaw Avenue','England',1600),(5534,'The Coach and Horses Ground','Sheffield Road','England',2089),(5535,'Mackoy Stadium','Portsmouth Road, Old Netley, Sholing','England',1000),(5536,'Thornhill Park','Wisloe Road','England',1500),(5537,'Julius Martin Lane','Julius Martin Lane','England',2000),(5538,'Sir Halley Stewart Field','Winfrey Avenue','England',3500),(5540,'Wheatsheaf Park','Wheatsheaf Lane','England',3002),(5542,'ASM Stadium','Tythrop Way (Kingsey Road)','England',2500),(5543,'Jubilee Field','Three Bridges Road, Three Bridges','England',1500),(5544,'Shawe View','Pennybridge Lane','England',2500),(5545,'Wodson Park','Wadesmill Road','England',3300),(5547,'The Belmont Ground','Belmont Road','England',3000),(5548,'Select Security Stadium','Lowerhouse Lane','England',13350),(5550,'The Elgoods Fenland Stadium','Lynn Road, Walsoken','England',1118),(5552,'Hornchurch Stadium','Bridge Avenue, Upminster, Havering','England',3800),(5553,'Hayden Road','Hayden Road','England',1500),(5554,'Lye Meadow','Redditch Road','England',3000),(5555,'Hurst Cross','Surrey Street','England',4500),(5556,'The Skuna Stadium','Alder Street','England',2500),(5557,'Sir Tom Finney Stadium','Brownedge Road, Bamber Bridge','England',2264),(5559,'Kirkby Road','Kirkby Road','England',2500),(5560,'Greenwich Avenue','Greenwich Avenue, Basford','England',1000),(5561,'Holloways Park','Slough Road','England',3500),(5562,'ProKit UK Stadium','Dunmow Road','England',4525),(5563,'Gang Warily Community & Recreation Centre','Newlands Road','England',1500),(5564,'Nyewood Lane','Nyewood Lane','England',4000),(5565,'North Road','North Road','England',1000),(5566,'The Victoria Ground','Birmingham Road','England',4893),(5567,'The Silverlands','The Silverlands','England',5200),(5568,'War Memorial Sports Ground','Colston Avenue','England',5000),(5569,'Owen Street Sports Ground','Owen Street','England',1500),(5570,'King George\'s Field','Queen Mary Close, Tolworth','England',2700),(5571,'Clayson Stadium','Weymouth Avenue','England',5009),(5572,'Rookery Hill','Rookery Hill','England',4000),(5575,'The Fullicks Stadium','Cheriton Road','England',4000),(5576,'Privett Park','Privett Road','England',4500),(5577,'South Kesteven Stadium','Trent Road','England',7500),(5578,'The Memorial Playing Fields','Green Lane','England',2000),(5579,'The SKYex Community Stadium','Beaconsfield Road, Hayes, Hillingdon','England',2500),(5580,'Keys Park','Keys Park Road','England',6500),(5581,'Silver Jubilee Park','Townsend Lane, West Hendon','England',1990),(5582,'The Camping World Community Stadium','Worthing Road','England',1927),(5583,'The Orbital Fasteners Stadium','Hempstead Road','England',1000),(5584,'Giant Axe','West Road','England',3513),(5585,'Victory Road','Victory Road','England',2500),(5586,'The Dripping Pan','Mountfield Road','England',3000),(5587,'Crown Meadow','Love Road','England',2250),(5588,'Hartsdown Park','Hartsdown Road','England',2100),(5589,'The Proctor Cars Stadium','Causeway Lane','England',2757),(5591,'Don Amott Leisure Group Arena','Station Road','England',1500),(5592,'Craik Park','None','England',1637),(5593,'Bloomfields','Quinton Road','England',4000),(5594,'The A1 Gasforce Stadium','Liberty Way','England',6250),(5595,'Lincoln Road','651 Lincoln Road','England',1000),(5597,'The Pakex Stadium','Watkins Rise','England',2500),(5599,'The Valley Stadium','Bromsgrove Road, Batchley','England',5000),(5601,'Dales Lane','Daw End, Bosty Lane, Rushall','England',1400),(5602,'The Raymond McEnhill Stadium','Partridge Way, Old Sarum','England',5000),(5603,'Flamingo Land Stadium','Ashburn Road','England',2070),(5604,'Mariners Park','Shaftesbury Avenue','England',3500),(5606,'Marston Road','Marston Road','England',4150),(5607,'Bower Fold','Mottram Road','England',6500),(5608,'The Arden Garages Stadium','Knights Lane, Tiddington','England',2800),(5609,'The Webbs Wood Stadium','Supermarine Road','England',3000),(5610,'The Lamb Ground','Meadow Street, Kettlebrook','England',4065),(5611,'Ladysmead','Kenndy Way','England',3500),(5612,'Broadhurst Park','310 Lightbowne Road. Moston','England',4400),(5613,'Elmbridge Xcel Sports Hub','Waterside Drive','England',2000),(5614,'Cantilever Park','Common Lane','England',3500),(5615,'Turnbull Ground','Upgang Lane','England',3200),(5617,'The Maurice Rebak Stadium','Summers Lane, North Finchley','England',1500),(5619,'The A2B Stadium','Woodside Road','England',4000),(5770,'Hardenhuish Park','Bristol Road','England',2815),(5771,'Blackwell Meadows','Grange Road','England',3299),(5772,'Champion Hill Stadium','Edgar Kail Way, East Dulwich','England',3336),(6181,'Croft Park','Plessey Road','England',4450),(6182,'Horsfall Stadium','Cemetery Road','England',5000),(6183,'Throstle Nest','Bransby Rise, Newlands','England',3900),(6184,'Latimer Park','Polwell Lane, Burton Latimer','England',1500),(6185,'The Walks','Exton&apos;s Road','England',5733),(6186,'The Phillips 66 Community Stadium','Harbury Lane, Whitnash','England',2300),(6187,'Twerton Park Stadium','Dominion Road, Twerton','England',8840),(6189,'Meadowbank Stadium','Church Gardens','England',3000),(6190,'Vauxhall Road','Vauxhall Road','England',3152),(6191,'Bulpit Lane','Bulpit Lane','England',2500),(6192,'Longmead Stadium','Darenth Avenue','England',2500),(6194,'Park View Road','Park View Road','England',5500),(6195,'Bob Lucas Stadium','Radipole Lane','England',6600),(6196,'Townfield Lane','Townfield Lane, Barnton','England',1000),(6197,'Farm Park','Kingshill Avenue','England',1500),(6198,'Forest Town Stadium','Clipstone Road W, Forest Town','England',500),(6199,'Northcourt Road','None','England',2000),(6200,'Armadillo Stadium','Hitchin Road','England',2920),(6201,'Brocstedes Park','Brocstedes Road','England',1000),(6202,'Sheepy Road','Sheepy Road','England',3500),(6203,'Vestacare Stadium','White Bank Road','England',1500),(6204,'Cricklefield Stadium','486 High Road, Waltham Forest','England',3500),(6205,'Silentnight Stadium','Greenberfield Lane','England',1500),(6207,'Eden Park Avenue','374 Eden Park Avenue','England',1562),(6208,'Kayte Lane','Kayte Lane','England',1500),(6209,'Fairfax Park','College Way, Bath Road','England',2500),(6210,'The Gore','Wymers Wood Road','England',2500),(6212,'Mossie Park','Charter Lane','England',1500),(6214,'The Hand Stadium','Davis Lane','England',3900),(6215,'Cheshire Silk 106.9 Stadium','Booth Street, Ivy Gardens, off Crescent Road','England',1450),(6216,'Sphinx Drive','Sphinx Drive','England',1000),(6217,'The Haven Sportsfield','Hophurst Lane','England',1500),(6218,'The Saffrons Football Ground','Compton Place Road / Mead Road','England',4500),(6219,'The Runnymede Stadium','Wards Place','England',1565),(6222,'Calthorpe Park','Crookham Road','England',2000),(6223,'The Genix Healthcare Stadium','Brierlands Lane off Cedar Ridge','England',3000),(6224,'Victoria Pleasure Grounds','Marcus Street','England',3000),(6225,'The Moat Ground','Moat Street','England',2400),(6226,'Guildford Spectrum Athletics Stadium','None','England',1135),(6228,'Station View','Station View','England',3500),(6229,'Gorings Mead','Brighton Road','England',1500),(6231,'Bell Close','Lake Street','England',2800),(6232,'Litherland Sports Park','Bootle','England',1000),(6234,'Mildenhall Town Football Club Stadium','Recreation Way','England',2000),(6235,'The Herds Renault Stadium','Walton Road','England',4000),(6236,'Berkeley Fields','Berkeley Avenue, Greenford, Ealing','England',2000),(6237,'Plantation Park','Plantation Road, Biofield','England',3000),(6238,'Ruby Civil Arena','Well Street','England',1688),(6241,'Oakside Stadium','Station Road, Barkingside','England',3000),(6242,'Kiln Brow','None','England',1500),(6243,'Butlin Road','Butlin Road','England',6000),(6244,'Viridor Community Stadium','Sandy Lane','England',1530),(6245,'Rylands Recreation Club','Gorsey Lane','England',1000),(6246,'The Dovecote','Butthole Lane','England',2500),(6247,'Middle Road','Middle Road','England',1500),(6248,'The Meadowbank Ground','Shortwood Road, Shortwood','England',2000),(6249,'JMO Sports Park','Liverpool Road','England',1000),(6250,'The Brian Addison Stadium','School Road, Squires Gate','England',2000),(6251,'Walshes Meadow','Harrold Davies Drive','England',2000),(6252,'The Tannery Ground','Middle Brooks Street','England',1000),(6253,'The Beeches','Packwood Road','England',3000),(6256,'Dog & Duck Ground','London Road','England',2500),(6258,'Barton Stadium','Kingsway','England',7000),(6259,'Trafford Park','Skinners Lane','England',2000),(7728,'Victoria Park','Clarence Road','England',7856),(7730,'Hogwood Park Training Ground','Park Lane','England',1000),(7731,'Academy of Light Training Ground','Sunderland Road, Cleadon','England',1000),(7732,'The County Ground (Lancashire FA HQ)','Thurston Road','England',4000),(7733,'Holmes Park','Dog and Gun Lane, Whetstone','England',1030),(7734,'Heritage Park','Stadium Way','England',2004),(7735,'Clayton Wood Training Ground','Rosetree Avenue, Trent Vale','England',1000),(7736,'Eppleton Colliery Football Ground','Park View / Welfare Road','England',2000),(7737,'Palm Training Ground','430 Birmingham Road, Great Barr','England',1000),(7738,'Haywood Way','Haywood Way','England',1300),(7739,'Priory Park','None','England',3000),(7740,'Leslie Fields','Springfield Road','England',2000),(7741,'Esh Group Stadium','None','England',3000),(7742,'Weycourt Meadow','Wey Court, Meadrow','England',3000),(7743,'Church Lane','Church Lane','England',1400),(7744,'WareHouse Systems Stadium','Dimple Wells','England',3000),(7745,'The Love Lane Stadium','Love Lane','England',3000),(7746,'Welfare Ground','Kirklington Road','England',2000),(7747,'Cannon Park','None','England',2000),(7748,'Thurrock Hotel','Ship Lane, Grays','England',3500),(7749,'Tipton Sports Academy','None','England',1500),(7750,'Kirklands Stadium','St. Peters Road, Rock Ferry','England',1500),(7751,'The Keith Tuckey Stadium','None','England',3000),(7752,'Norton Cricket Club & Miners Welfare Institute','Community Drive, Smallthorne','England',2000),(7753,'Nene Park','None','England',6441),(7754,'Coronation Park','Chewton Street','England',2500),(7755,'The Greene King Stadium (De Montfort Park)','Leicester Road','England',4329),(7756,'Watnall Road','None','England',5000),(7757,'Belle Vue','Doncaster Road','England',12600),(7758,'Byfield Road','None','England',3000),(7759,'Crilly Park','None','England',1500),(7760,'Neil Rourke Memorial Stadium','None','England',2000),(7761,'The Portway Stadium','None','England',3000),(7762,'The Orchard','None','England',2100),(8560,'Goodison Park','Goodison Road','England',40569),(10503,'Gtech Community Stadium','166 Lionel Rd N, Brentford','England',17250),(10610,'LNER Stadium','Sincil Bank','England',10600),(10611,'The Aspen Waite Arena','Scraley Road, Heybridge','England',3000),(10612,'MEL Group Stadium','Brundon Lane','England',2500),(10613,'Winch\'s Field','Stanley Gardens','England',4000),(10614,'Glassworld Stadium','Bridge Road','England',3750),(10615,'Bill Stokeld Stadium','Stoke Lane, Gedling, Carlton','England',600),(10616,'Holt House Stadium','Holt House, Harrison Drive','England',1800),(10617,'Autonet Insurance Stadium','Hollinwood Road','England',2000),(10618,'Rowley Park Stadium','Kester Way','England',2000),(10619,'Wincham Park','Chapel Street, Wincham','England',4813),(10621,'ST & B Accountants Stadium','Parkside Road','England',2400),(10622,'Athletic Field','Winterfield Road, Paulton','England',2200),(10623,'Woodstock Park','Broadoak Road','England',1200),(10624,'Leading Drove','Leading Drove','England',1500),(10625,'Snows Stadium','Salisbury Road','England',3500),(10626,'Salters Lane','Salters Lane','England',2000),(10627,'Ingfield Stadium','Prospect Road','England',2000),(10628,'i2i Stadium','Ings Lane','England',1500),(10629,'Herns Way','Herns Way, Panshanger','England',1000),(10652,'Tatnam Ground','School Lane, Oakdale','England',2000),(10653,'The Cuthbury Stadium','Cowgrove Road','England',3250),(10654,'The Jelf Stadium','Lodge Road','England',6745),(10657,'Sandy Lane','Babbage Way / Sandy Lane','England',3200),(10659,'Banbury Plant Hire Community Stadium','Bridge Street','England',6500),(10660,'Queen Elizabeth II Stadium','Donkey Lane, off Carterhatch Lane, Enfield Town, Enfield','England',2000),(10661,'Neuven Stadium','Pilkington Road','England',3100),(10662,'Garden Walk','Garden Walk','England',4000),(10663,'Westwood Road','Westwood Road','England',2000),(10665,'Liberty Way','Liberty Way','England',6250),(10726,'Leigh Sports Village Stadium','Sale Way','England',11000),(10731,'Blue Flames Ground (Northumberland FA)','Whitley Road, Benton','England',1000),(11117,'Lotus Training Center','Hethersett Lane','England',1000),(11118,'Academy Stadium','400 Ashton New Road','England',7000),(11119,'Swansea City FC Youth Academy Training Centre','Beaufort Road, Plasmarl','England',1000),(11120,'Loughborough University Football Stadium','Loughborough University Road','England',2500),(11121,'Hull University Sports Ground','356 Inglemire Lane','England',1000),(11676,'Allpay Park','Widemarsh Common','England',2000),(11677,'The Simplyhealth City Ground','Hillier Way','England',4500),(11678,'McCulloch\'s Stadium','Roydon Road / Off Elizabeth Way','England',3500),(11680,'The Mayfield Stadium','Thornton Heath','England',1500),(11682,'Stoneham Lane Football Complex','Stoneham Lane','England',1000),(11683,'CKW Stadium','Castlecroft Road, Castlecroft','England',2000),(11684,'Addlestone Moor','Addlestone Moor','England',1000),(11685,'Arlesbury Park','New Alresford','England',1000),(11686,'Bonnymead Park','Recreation Road','England',1000),(11687,'Cropston Road','Cropston Road','England',2000),(11688,'The Playing Fields','Oxford Road','England',1000),(11689,'Ascot Racecourse','Winkfield Road','England',1150),(11691,'The Greenfleets Stadium','Haywood Way','England',1300),(11692,'Westfield Lane Stadium','Westfield Lane, Waverley','England',1000),(11693,'PMC Stadium','Eastern Road','England',1000),(11694,'Merland Rise','Merland Rise','England',4000),(11695,'The Euronics Ground','Pasture Road North / Marsh Lane','England',1500),(11696,'Glen Mex Stadium','Bashley Road, New Milton','England',4250),(11698,'Second Meadow','Fairfield Road','England',2000),(11699,'Bedford Terrace','Bedford Terrace','England',3000),(11700,'The Recreation Ground','Bath Road','England',1000),(11701,'Trevor Brown Memorial Ground','Church Road, Boldmere','England',2500),(11702,'Birch Park','Ontario Road, Bottesford','England',1000),(11703,'Victoria Park','Boundary Road / Namu Road','England',3000),(11704,'Bradford on Avon Sports and Social Club','Trowbridge Road','England',1000),(11705,'Brantham Leisure Centre','New Village','England',1200),(11706,'St. Mary\'s Field','None','England',1500),(11707,'Brimscombe & Thrupp FC Ground','The Meadow London Road Brimscombe','England',1000),(11708,'Brislington Stadium','Ironmould Lane','England',3000),(11709,'Broadbridge Heath Leisure Centre','Wickhurst Lane, Broadbridge Heath','England',1000),(11710,'Rayners Lane','Lucas Avenue','England',1000),(11711,'Meadens Skoda Arena','Grigg Lane','England',2000),(11712,'Homers Heath','Kingskerswell Road','England',1000),(11713,'Hounslow Sports Club','Green Lane, Hounslow','England',1000),(11714,'Springfield','Cadbury Heath Road','England',2000),(11715,'Krooner Park','Krooner Road','England',2500),(11716,'The Ridings','Wickwar Road','England',1000),(11717,'Hurn Bridge Sports Ground','None','England',2000),(11718,'The Rush Green Bowl','None','England',1500),(11719,'Terence MacMillan Stadium','281 Prince Regent Lane','England',2000),(11720,'Leg O\'Mutton Field','Downside Bridge Road','England',2000),(11721,'Cockfosters Sport Ground','Chalk Lane, Barnet','England',1000),(11722,'Wibbandune Sports Ground','Kingston By Passm, Borough of Merton','England',2000),(11723,'The Recreation Ground','High Street','England',1000),(11724,'Belle Vue Park','Delves Lane','England',4000),(11725,'Butts Park Arena','Butts Road, Spon End','England',3000),(11726,'Westwood Park','None','England',500),(11727,'The Brache','307 Park Street','England',1000),(11728,'The Lawns','Station Road, Henbury','England',1000),(11729,'Crowborough Community Stadium','Fermor Road','England',2000),(11730,'The Charles Sports Ground','St Leonards Road','England',1000),(11731,'Deeping Sports Club','Outgang Road','England',2000),(11732,'Waterworks Field','Braybrooke Road','England',1000),(11733,'Addison Road','Addison Road','England',1000),(11734,'Lashmar Recreation Ground','Roundstone Drive','England',2000),(11735,'The Oval','Channel View Road','England',4100),(11736,'Mitton Group Stadium','Kingsway','England',2225),(11737,'The Unwin Ground','Downham Road','England',2000),(11738,'King George V Ground','Southern Road','England',1000),(11739,'The Alfred Hall Memorial Ground','Hall Road','England',1000),(11740,'Cinder Lane','Cinder Lane','England',1500),(11741,'Cams Alders Stadium','None','England',5500),(11742,'St Paulsu2019 Sports Ground','Salter Road, London Borough of Southwark','England',1000),(11743,'Wilks Park','Heath End Road','England',1000),(11744,'The Frimley Green Recreation Ground','None','England',2000),(11745,'Foxbury Avenue','None','England',1000),(11746,'Bearscroft Lane','Bearscroft Lane','England',1050),(11747,'Emerald Park','Woodfarm Lane','England',3000),(11748,'Bradley Community Stadium','Bradley Road','England',1000),(11749,'King George V Ground','None','England',3500),(11750,'Millfield','Tinkers Lane','England',3000),(11751,'Hadley Sports Ground','Brickfield Lane, Arkley, Barnet','England',1000),(11752,'The Hallen Centre','Moorhouse Lane','England',2000),(11753,'The Abbey','Hamble Lane','England',1000),(11756,'Rectory Meadow','Park Road, Hanworth','England',600),(11757,'Bowden Park','Northampton Road','England',1000),(11758,'Preston Park','Harefield, Borough of Hillingdon','England',1500),(11759,'Rothamsted Park','33 High Street','England',1000),(11760,'The Beacon Ground','Brighton Road','England',1500),(11761,'Shrewsbury Sports Village','Sundorne Rd','England',1000),(11762,'The New Croft','Chalkestone Way','England',2000),(11763,'St. John\'s Park','Ravenstone Road','England',1000),(11764,'The Energy Check Sports Ground','North Drive / Victoria Road West','England',1500),(11765,'The MDC Sports Stadium','Wakefield Road, Fitzwilliam','England',2000),(11766,'The Stewart Edwards Stadium','Park View','England',3000),(11767,'Carters Park','None','England',2000),(11768,'Star Meadow Sports Club','Darland Avenue','England',1000),(11769,'Airedale Park','Watchet Lane','England',1000),(11770,'The New Defence','Anderson Way','England',2000),(11771,'Five Heads Park','Park Five Heads Road','England',1000),(11772,'The RG3 Digital Stadium','Silver Street, Irlam','England',500),(11773,'K Sports','Station Road, Ditton','England',1000),(11774,'The AJN Stadium','Bristol Road','England',3001),(11775,'Walmer Road','Walmer Road','England',1500),(11776,'Redding Way','None','England',1000),(11777,'Knaresborough Town AFC Ground','3 Manse Lane','England',1000),(11778,'Culver Road','Culver Road','England',2000),(11779,'Hamilton Park','Sandhills Avenue','England',1000),(11781,'The Sports Pavilion','Godstone Road','England',2000),(11782,'Cotlandswick Playing Fields','North Orbital Road','England',1000),(11783,'Grange Park','Station Road','England',1500),(11784,'Stoneylands','New Rd','England',1000),(11785,'Saw Mills End','Corinium Avenue','England',500),(11786,'Martyn Grove','North Dane Way','England',2000),(11788,'Dunley Way','Dunley Way','England',1000),(11789,'Lydney Recreation Ground','Swan Rd','England',1000),(11790,'The Sports Ground','Stourbridge Road','England',1000),(11791,'Lymington Sports Ground','Southampton Road','England',1000),(11792,'Muglet Lane','Muglet Lane','England',2150),(11793,'Sam Smith\'s Park','37 Cherrywood, Walkergate','England',2000),(11794,'Trafalgar Ground','Fort Road','England',3000),(11795,'Cricket Field Road','Cricket Field Road','England',2750),(11796,'Willen Road','Willen Road','England',500),(11797,'Moore Lane Sports Club Ground','Moore Lane','England',1000),(11798,'Daren Persson Stadium','West Percy Road','England',1000),(11800,'Old Northamptonians Private Sports Ground','111 Ardington Road','England',1000),(11801,'Greene King Park','Wigston Road','England',3000),(11802,'Lew Hill Memorial Ground','Combe Hay Lane, Odd Down','England',1160),(11803,'The Boundary Stadium','Altham Way, South Oxhey','England',2000),(11804,'Nyetimber Lane','Nyetimber Lane','England',1500),(11805,'Church View Road','Church View Road, Penistone','England',100),(11806,'The World Group Stadium','None','England',1500),(11807,'Branch Bros Stadium','Chestnut Avenue, Dogsthorpe','England',1500),(11809,'The Hollow','None','England',1000),(11810,'Elite Venue','Dunkirk Close','England',1000),(11811,'Farley Way Stadium','Farley Way','England',1400),(11812,'Townsend Meadow','Hampton Road','England',1000),(11813,'Prince George\'s Fields','Grand Drive','England',1500),(11814,'Rivermoor Stadium','Scours Lane','England',2162),(11815,'Oaklands Park Stadium','Gloucester Road','England',1000),(11816,'Castle Vale Stadium','Farnborough Road','England',1500),(11817,'Sergeants Lawn','Desborough Road','England',1000),(11818,'Gerrard Buxton Sports Ground','Rylands Way','England',2000),(11819,'Catons Lane','1 Catons Lane','England',2000),(11820,'Hill Park','Hill Park, Coombe Vale','England',1000),(11824,'Cockrams Ground','Coppice Street','England',1000),(11826,'The Playing Fields','None','England',2500),(11827,'Dean Street','Dean Street','England',4700),(11828,'The Recreation Ground','None','England',1000),(11829,'The Asda Foundation Stadium','Keighley Road','England',2300),(11830,'Eslaforde Park','Boston Road','England',1000),(11831,'The Arena Stadium','Northumberland Crescent','England',6000),(11832,'Spelthorne Sports Club','296 Staines Road West, Ashford Common','England',1000),(11833,'Mile End Stadium','190 Burdett Road, Tower Hamlets','England',2000),(11835,'The Recreation Ground','None','England',1000),(11836,'Hargrave Park Stadium','None','England',2000),(11837,'The Hawthorns','New Farm Road, Stanway','England',567),(11838,'Inkersall Road','Inkersall Road','England',5000),(11839,'Steyning Town Community Football Club','Shooting Field','England',1000),(11840,'The Map Group UK Stadium','Bishopton Road West','England',1800),(11842,'Ryhope Recreation Park','Ryhope Recreation Park','England',1000),(11843,'Shoemakers Lane','Shoemakers Lane','England',1000),(11844,'Barlow\'s Park','Silchester Road','England',1000),(11846,'Langsford Park','None','England',2000),(11847,'Dennyfield','Ainsbury Avenue','England',3000),(11848,'Mundford Road','Mundford Road','England',1500),(11849,'Teesdale Park','Acklam Road','England',5000),(11850,'Grass Roots Stadium','Cow Lane','England',2000),(11851,'Glevum Park','Lower Tuffley Lane','England',1000),(11852,'Culverden Stadium','Culverden Down','England',3750),(11853,'The Oaks','Framfield','England',1000),(11854,'Stag Meadow','St. Leonards Road','England',4500),(11855,'Oak Park','Coppice Road','England',1500),(11856,'Sumner Road','Sumner Road','England',1000),(11857,'Wadham Lodge Stadium','Kitchener Road, Walthamstow','England',4000),(11858,'Bayliss Avenue','Bayliss Avenue, Thamesmead','England',6000),(11859,'Vale Farm Stadium','Watford Road, Wembley','England',3348),(11860,'Darlington Road','Darlington Road','England',6728),(11861,'Meadow Lane','Meadow Lane','England',1000),(11862,'The Glebe Ground','Rose Avenue','England',2000),(11863,'KMJ Mortgages Stadium','Black Park Road','England',1000),(11864,'Hillheads Park','None','England',4500),(11865,'King George V Playing Field','Old Norwich Road','England',1000),(11866,'Notcutts Park','Fynn Road','England',1500),(11867,'Claines Lane','Claines Lane','England',1000),(11868,'The Bracken Edge','Bracken Edge','England',1550),(11869,'Compton Park','None','England',5000),(11870,'The Recreation Ground Alfold','Dunsfold Road','England',1000),(11871,'Hawton Lane','Hawton Lane, Balderton','England',1000),(11872,'The Coppice','Tythe Barn Lane, Shirley','England',2000),(11876,'Mornflake Stadium','Gresty Road','England',10153),(11878,'EnviroVent Stadium','Wetherby Road','England',3800),(11880,'Mazuma Stadium','Morecambe Road','England',6476),(11881,'Sixfields Stadium','Upton Way','England',7798),(11883,'Selhurst Park','Holmesdale Road','England',26309),(11894,'Cressing Road Stadium','Clockhouse Way','England',4222),(11895,'Technique Stadium','1866 Sheffield Road, Whittington Moor','England',10338),(11896,'The Coventry Building Society Arena','Phoenix Way, Rowleys Green','England',32609),(11897,'Kuflink Stadium','Stonebridge Road','England',5011),(11929,'LNER Community Stadium','Kathryn Avenue, Huntington','England',8005),(11943,'St. James Park','Churchill Way','England',3500),(11960,'WW Martin Community Stadium','Price&apos;s Avenue','England',2500),(11964,'New Meadow Park','Sudmeadow Road, Hempsted','England',4000),(11965,'The Aspect Arena','Thames Road','England',3300),(11966,'Corinthian Sports Club','Gay Dawn Farm','England',1000),(11967,'Clayborn Stadium','Quaker Lane','England',2200),(11968,'Manadon Sports Hub','St. Peters Road, Manadon','England',1000),(12045,'The myenergi Stadium','Clee Road','England',1000),(12051,'The MKM Stadium','Walton Street / Anlaby Road','England',25504),(12052,'Select Car Leasing Stadium','Shooters Way / Junction 11, M4','England',24200),(12091,'The EMG Inspire Stadium','Salerno Way','England',3500),(12092,'The OHOB Community Stadium','College Lane','England',3000),(12134,'The Polegrove','Richmond Road','England',1000),(12135,'The Greene King Stadium (De Montfort Park)','Leicester Road','England',4329),(12137,'Anfield Sports Community Centre','132 Lower Breck Road, Anfield','England',1000),(12138,'Sign Right Park','Burton Road','England',1000),(12139,'Kimberley Stadium','Callington Rd l','England',1000),(12140,'The Welfare Ground','Off Upper Lane','England',2330),(12143,'Adie Moran Park','Sandgate Road','England',1000),(12167,'Stubbs Lane','Stubbs Lane / Hill Farm Lane','England',1000),(12168,'The Neil Hudgell Law Stadium','Queensgate','England',2740),(12169,'Birds Close','None','England',2000),(12170,'Clipbush Park','Clipbush Lane','England',2000),(12171,'The Memorial Ground Farnham','Mead Lane / West Street','England',1500),(12172,'The Town Ground','Mayfield Avenue','England',1000),(12174,'HD Anywhere Stadium','Langland Avenue','England',4000),(12175,'GER Sports Ground','10 Robingoodfellow&apos;s Lane','England',1000),(12176,'Mulberry Park','New Village Hall, The Common','England',1000),(12177,'The Jockey Stadium','Nellington Road','England',1000),(12178,'Debdale Park','Mallard Court','England',1000),(12179,'Wellbeing Park','Yarnfield Lane, Yarnfield','England',2000),(12180,'Greens Meadow Ground','Bury Road','England',1000),(12181,'Mundy Playing Fields','Kington Lane','England',1000),(12182,'The Victory Stadium','St George&apos;s Rd, Portsmouth','England',1000),(12183,'Withdean Stadium','Withdean Road, Withdean','England',8850),(12184,'The vanEupen Arena','Rivacre Road, Hooton','England',2500),(12185,'Brinsford Lane','Brinsford Lane, Coven Heath','England',1000),(12186,'The Lancer Scott Stadium','West Town Road','England',1000),(12187,'Sir Tom Cowie Millfield Ground','West Road','England',1500),(12188,'Oakley Road','Oakley Road, Borough of Greenwich','England',1000),(12189,'Summerleaze Village Ground','35 North Town Moor','England',1000),(12190,'The Sportsfield','St Floras Road','England',1500),(12191,'Station Road','Station Road','England',2000),(12192,'Windsor Playing Fields','Horsenden Lane','England',1500),(12193,'Anstey Park Enclosure','Anstey Park','England',1500),(12194,'Ribbesford Meadows','B4194','England',200),(12195,'Southbank','Lacock Road','England',1200),(12196,'Marlborough Park','Marlborough Way','England',1000),(12197,'Bremhill View','Bremhill View','England',2500),(12198,'Phoenix Park','None','England',1500),(12199,'Len Salmon Stadium','Crown Avenue, Pitsea','England',2661),(12200,'Kellaway Park','Clodgey Lane','England',1000),(12201,'Memorial Ground Little Oakley','Harwich Road','England',1000),(12202,'Jenkins Park','Mill Road','England',1000),(12203,'Pro:Direct Stadium','Chewton Street','England',2500),(12204,'Hereford Lads Club FC County Ground','Widemarsh Common','England',1000),(12205,'Springfield Stadium','Janvrin Road','England',1992),(12206,'The Nest Lakenheath','Back Street','England',1000),(12208,'Trungle Parc','None','England',1000),(12209,'Green Lane','Green Lane','England',1000),(12210,'Vertigo Stadium','Wainfleet Rd','England',1000),(12211,'Oldfields Sports Ground','1 Springfield Road','England',1000),(12212,'Ericstan Park','Timpson Road, Wythenshawe','England',1000),(12213,'The Leasing.com Stadium','London Road','England',6355),(12272,'VBS Community Stadium','Gander Green Lane','England',7032),(12283,'The Bourne Stadium','192A Seal Road','England',1000),(12456,'The Cherry Red Records Stadium','Plough Lane, Wimbledon','England',9300),(12460,'Red Industries Lyme Valley Stadium','Buckmaster Avenue, Clayton','England',4000),(12596,'St Andrew\'s Stadium','St. Andrew&apos;s Road','England',30009),(12605,'Optimum Pay Stadium','Water Lode','England',3500),(12609,'The Regional Electrical Service Ltd Stadium','Skinner Lane','England',1429),(12676,'Eco-Power Stadium','Stadium Way, Lakeside','England',15231),(12677,'The Suit Direct Stadium','Clarence Road','England',7856),(12690,'Mortgages For You Stadium','Tattershall Road','England',6000),(12691,'Payaro Stadium','Abbey Lane, Bucknall, Stoke-on-Trent','England',750),(12692,'The Calvert Stadium','Ainderby Road','England',1500),(12693,'The Total Power Stadium','Holm Place, Minster on Sea','England',1000),(18617,'Completely-Suzuki Stadium','Whaddon Road','England',7066),(18618,'Brisbane Road','Brisbane Road, Leyton','England',9271),(18619,'Loftus Road','South Africa Road, Shepherd&apos;s Bush','England',18360),(18620,'Poundland Bescot Stadium','Bescot Crescent, Bescot','England',11300),(18688,'The Sunseeker International County Ground','Blandford Close, Hamworthy','England',1000),(18689,'Hythe Garage Stadium','Claypits Lane','England',1000),(18812,'Fenton Civil Engineering Stadium','Chestnut Avenue, Northwood, Hillingdon','England',3075),(18813,'Atalian Servest Stadium','Cotton Lane','England',3500),(18814,'The OnSite Group Stadium','Cranleigh Road PO16 9 Fareham, Hants','England',1000),(18815,'The dwmedia Stadium','Woodhorn Lane','England',2000),(18816,'Otham Sports Ground','Honey Lane','England',1000),(18817,'The Community Ground','Bobby Langton Way','England',1500),(18818,'Bauvill Stadium','Bourneville Avenue','England',2000),(18819,'Olivers Mount','Olivers Mount, Darnall','England',1000),(18820,'Trade Tyre Community Stadium','Brownsfield Road','England',1000),(18821,'Loxwood Sports Association','Sports Pavilion Plaistow Road','England',1000),(18822,'The Camp & Satherley Stadium','Grove Road','England',1000),(18823,'Crofters End Stadium','Crofters End','England',1500),(18824,'Mansfield Road','Mansfield Road','England',1000),(18825,'Sunderland LGV Park','Beechbrooke, Ryhope','England',1500),(18826,'The Irish Centre','Pavilion Manor Field','England',1500),(18857,'Glanford Park','Doncaster Road','England',9088),(18863,'The Recycling Lives Ground','Inglewhite Road','England',1000),(18864,'Independent Utility Advise Arena','Byron Terrace','England',500),(18865,'The JSJ Stadium','New Roker Park, Arlesey Rd','England',1000),(18866,'Step Places Stadium','Brookburn Road, Chorlton-cum-Hardy','England',1000),(18868,'SEH Sports Ground','Humber Doucy Lane, Rushmere','England',1000),(18967,'Westwood Recreation Ground','Western Way, Bemerton Heath','England',2500),(18968,'Sandygate Road','Sandygate Road','England',1000),(18969,'Rosemary Lane','Rosemary Lane','England',1000),(18970,'Centenary Park','Piddinghoe Avenue','England',1500),(18971,'Eastwood Leisure Centre','247A Albert Drive, Sheerwater','England',1000),(18972,'London Hire Stadium','Lower Road','England',1000),(18973,'Sirona Medical Arena','Station Road','England',2000),(18974,'Grounsell Park','None','England',2000),(18975,'Raleigh Grove','None','England',1150),(18976,'West Clewes','North Rd','England',2400),(18977,'The Beehive','Abbeyfields Drive','England',1500),(18978,'The Mill','Mill Lane','England',1500),(18979,'Rowley Lane','Rowley Lane, Arkley, Barnet','England',1500),(18980,'Ironworks Road','Ironworks Road','England',3000),(18981,'The Dransfield Stadium','Church Road','England',3000),(18983,'Myrak Park','Roding Lane','England',1000),(18984,'The Paycare Ground','Bentley Road North, Bentley','England',1000),(18985,'Falmouth Town AFC Social Club','Bickland Water Road','England',1000),(18986,'Old School Lane','Old School Lane','England',2000),(18987,'The Middlesex Stadium','Breakspear Road','England',3587),(18988,'The Stag Ground','Newdigate Street','England',1000),(18989,'The Dell','Church Road, Laverstock','England',1000),(18990,'Shefford Sports Club','Hitchin Road','England',1000),(18991,'Sixways Stadium','Warriors Way, Hindlip','England',11499),(18992,'Weybourne Road','Weybourne Road','England',1000),(19011,'Lancashire FA County Ground','Thurston Road','England',4000),(19197,'SO Legal Stadium','Holker Street','England',5349),(19198,'University of Bradford Stadium','Valley Parade','England',25136),(19200,'Broadfield Stadium','Brighton Road','England',6134),(19201,'The Bolt New Lawn','Smiths Way','England',5140),(19202,'MEMS Priestfield Stadium','Redfern Avenue','England',11582),(19203,'Draper Tools Community Stadium','Martin Road, West Leigh','England',5250),(19204,'ARMCO Arena','Damson Parkway','England',5500),(19235,'Easy As HGV Stadium','Cherrywood Road','England',4267),(19237,'Ruislip Manor Sports & Social Club','Grosvenor Vale','England',3607),(19238,'The LORDS Builders Merchants Stadium','Pancake Lane, Leverstock Green','England',1500),(19239,'Guardian Warehousing Arena','Noose Lane','England',3660);
/*!40000 ALTER TABLE `venue` ENABLE KEYS */;
UNLOCK TABLES;

--
-- Table structure for table `virtual_team`
--

DROP TABLE IF EXISTS `virtual_team`;
/*!40101 SET @saved_cs_client     = @@character_set_client */;
/*!50503 SET character_set_client = utf8mb4 */;
CREATE TABLE `virtual_team` (
  `id` int NOT NULL AUTO_INCREMENT,
  `username` varchar(32) NOT NULL,
  `team_name` varchar(160) NOT NULL,
  `remaining_budget` int NOT NULL,
  `creation_date` date NOT NULL,
  `last_update` date DEFAULT NULL,
  PRIMARY KEY (`id`),
  UNIQUE KEY `username` (`username`),
  UNIQUE KEY `team_name` (`team_name`),
  CONSTRAINT `virtual_team_username_fk` FOREIGN KEY (`username`) REFERENCES `users` (`username`)
) ENGINE=InnoDB DEFAULT CHARSET=utf8mb4 COLLATE=utf8mb4_0900_ai_ci;
/*!40101 SET character_set_client = @saved_cs_client */;

--
-- Dumping data for table `virtual_team`
--

LOCK TABLES `virtual_team` WRITE;
/*!40000 ALTER TABLE `virtual_team` DISABLE KEYS */;
/*!40000 ALTER TABLE `virtual_team` ENABLE KEYS */;
UNLOCK TABLES;

--
-- Table structure for table `virtual_team_player`
--

DROP TABLE IF EXISTS `virtual_team_player`;
/*!40101 SET @saved_cs_client     = @@character_set_client */;
/*!50503 SET character_set_client = utf8mb4 */;
CREATE TABLE `virtual_team_player` (
  `id` int NOT NULL,
  `virtual_team_id` int NOT NULL,
  `player_id` int NOT NULL,
  PRIMARY KEY (`id`),
  UNIQUE KEY `virtual_team_player_unique` (`virtual_team_id`,`player_id`),
  KEY `virtual_player_id_fk` (`player_id`),
  CONSTRAINT `virtual_player_id_fk` FOREIGN KEY (`player_id`) REFERENCES `player` (`id`),
  CONSTRAINT `virtual_team_id_fk` FOREIGN KEY (`virtual_team_id`) REFERENCES `virtual_team` (`id`)
) ENGINE=InnoDB DEFAULT CHARSET=utf8mb4 COLLATE=utf8mb4_0900_ai_ci;
/*!40101 SET character_set_client = @saved_cs_client */;

--
-- Dumping data for table `virtual_team_player`
--

LOCK TABLES `virtual_team_player` WRITE;
/*!40000 ALTER TABLE `virtual_team_player` DISABLE KEYS */;
/*!40000 ALTER TABLE `virtual_team_player` ENABLE KEYS */;
UNLOCK TABLES;

--
-- Dumping events for database 'fantasysoccer'
--

--
-- Dumping routines for database 'fantasysoccer'
--
/*!50003 DROP PROCEDURE IF EXISTS `add_update_players` */;
/*!50003 SET @saved_cs_client      = @@character_set_client */ ;
/*!50003 SET @saved_cs_results     = @@character_set_results */ ;
/*!50003 SET @saved_col_connection = @@collation_connection */ ;
/*!50003 SET character_set_client  = utf8mb4 */ ;
/*!50003 SET character_set_results = utf8mb4 */ ;
/*!50003 SET collation_connection  = utf8mb4_0900_ai_ci */ ;
/*!50003 SET @saved_sql_mode       = @@sql_mode */ ;
/*!50003 SET sql_mode              = 'ONLY_FULL_GROUP_BY,STRICT_TRANS_TABLES,NO_ZERO_IN_DATE,NO_ZERO_DATE,ERROR_FOR_DIVISION_BY_ZERO,NO_ENGINE_SUBSTITUTION' */ ;
DELIMITER ;;
CREATE DEFINER=`root`@`localhost` PROCEDURE `add_update_players`(
    IN team_username VARCHAR(32),
    IN team_id INT,
    IN player_ids VARCHAR(255)
)
BEGIN
    -- Check if the virtual team exists
    DECLARE team_count INT;
    SELECT COUNT(*) INTO team_count FROM virtual_team WHERE id = team_id AND username = team_username;
    IF team_count = 0 THEN
        SIGNAL SQLSTATE '45000' SET MESSAGE_TEXT = 'Virtual team does not exist for the given username and id';
    END IF;

    -- Delete all existing players for the virtual team
    DELETE FROM virtual_team_player WHERE virtual_team_id = team_id;

    -- Add the new players for the virtual team
    INSERT INTO virtual_team_player (virtual_team_id, player_id)
    SELECT team_id, id FROM player
    WHERE FIND_IN_SET(id, player_ids) > 0;

    -- Update the last update date for the virtual team
    UPDATE virtual_team SET last_update = NOW() WHERE id = team_id;
END ;;
DELIMITER ;
/*!50003 SET sql_mode              = @saved_sql_mode */ ;
/*!50003 SET character_set_client  = @saved_cs_client */ ;
/*!50003 SET character_set_results = @saved_cs_results */ ;
/*!50003 SET collation_connection  = @saved_col_connection */ ;
/*!50003 DROP PROCEDURE IF EXISTS `add_user` */;
/*!50003 SET @saved_cs_client      = @@character_set_client */ ;
/*!50003 SET @saved_cs_results     = @@character_set_results */ ;
/*!50003 SET @saved_col_connection = @@collation_connection */ ;
/*!50003 SET character_set_client  = utf8mb4 */ ;
/*!50003 SET character_set_results = utf8mb4 */ ;
/*!50003 SET collation_connection  = utf8mb4_0900_ai_ci */ ;
/*!50003 SET @saved_sql_mode       = @@sql_mode */ ;
/*!50003 SET sql_mode              = 'ONLY_FULL_GROUP_BY,STRICT_TRANS_TABLES,NO_ZERO_IN_DATE,NO_ZERO_DATE,ERROR_FOR_DIVISION_BY_ZERO,NO_ENGINE_SUBSTITUTION' */ ;
DELIMITER ;;
CREATE DEFINER=`root`@`localhost` PROCEDURE `add_user`(
	IN email varchar(100),
    IN firstname varchar(64),
    IN lastname varchar(64),
    IN dob date,
    IN pwd varchar(50)
)
begin
	DECLARE EXIT HANDLER FOR 1062 SELECT 'username already exists' Message;
	DECLARE EXIT HANDLER FOR SQLEXCEPTION SELECT 'SQLException encountered' Message;
	INSERT INTO users (username, first_name, last_name, date_of_birth, password) VALUES (email, firstname, lastname, dob, pwd);
end ;;
DELIMITER ;
/*!50003 SET sql_mode              = @saved_sql_mode */ ;
/*!50003 SET character_set_client  = @saved_cs_client */ ;
/*!50003 SET character_set_results = @saved_cs_results */ ;
/*!50003 SET collation_connection  = @saved_col_connection */ ;
/*!50003 DROP PROCEDURE IF EXISTS `create_virtual_team` */;
/*!50003 SET @saved_cs_client      = @@character_set_client */ ;
/*!50003 SET @saved_cs_results     = @@character_set_results */ ;
/*!50003 SET @saved_col_connection = @@collation_connection */ ;
/*!50003 SET character_set_client  = utf8mb4 */ ;
/*!50003 SET character_set_results = utf8mb4 */ ;
/*!50003 SET collation_connection  = utf8mb4_0900_ai_ci */ ;
/*!50003 SET @saved_sql_mode       = @@sql_mode */ ;
/*!50003 SET sql_mode              = 'ONLY_FULL_GROUP_BY,STRICT_TRANS_TABLES,NO_ZERO_IN_DATE,NO_ZERO_DATE,ERROR_FOR_DIVISION_BY_ZERO,NO_ENGINE_SUBSTITUTION' */ ;
DELIMITER ;;
CREATE DEFINER=`root`@`localhost` PROCEDURE `create_virtual_team`(
    IN username VARCHAR(32),
    IN team_name VARCHAR(160),
    IN budget INT,
    OUT message VARCHAR(256)
)
create_virtual_team_proc:BEGIN
    DECLARE user_exists INT DEFAULT 0;
    DECLARE budget_enough INT DEFAULT 0;
    DECLARE team_id INT;
    DECLARE team_count INT;

    -- check if user exists
    SELECT COUNT(*) INTO user_exists FROM users WHERE username = username;
    IF user_exists = 0 THEN
        SET message = 'User does not exist';
        LEAVE create_virtual_team_proc;
    END IF;

    -- check if budget is enough
    IF budget < 0 THEN
        SET message = 'Budget cannot be negative';
        LEAVE create_virtual_team_proc;
    END IF;

    -- create virtual team
    INSERT INTO virtual_team (username, team_name, remaining_budget, creation_date)
    VALUES (username, team_name, budget, CURDATE());

    -- get team ID
    SELECT LAST_INSERT_ID() INTO team_id;

    -- check if team already has players
    SELECT COUNT(*) INTO team_count FROM virtual_team_player WHERE virtual_team_id = team_id;
    IF team_count > 0 THEN
        SET message = 'Virtual team already has players';
        LEAVE create_virtual_team_proc;
    END IF;

    SET message = 'Virtual team created successfully';
END ;;
DELIMITER ;
/*!50003 SET sql_mode              = @saved_sql_mode */ ;
/*!50003 SET character_set_client  = @saved_cs_client */ ;
/*!50003 SET character_set_results = @saved_cs_results */ ;
/*!50003 SET collation_connection  = @saved_col_connection */ ;
/*!50003 DROP PROCEDURE IF EXISTS `get_players_by_position` */;
/*!50003 SET @saved_cs_client      = @@character_set_client */ ;
/*!50003 SET @saved_cs_results     = @@character_set_results */ ;
/*!50003 SET @saved_col_connection = @@collation_connection */ ;
/*!50003 SET character_set_client  = utf8mb4 */ ;
/*!50003 SET character_set_results = utf8mb4 */ ;
/*!50003 SET collation_connection  = utf8mb4_0900_ai_ci */ ;
/*!50003 SET @saved_sql_mode       = @@sql_mode */ ;
/*!50003 SET sql_mode              = 'ONLY_FULL_GROUP_BY,STRICT_TRANS_TABLES,NO_ZERO_IN_DATE,NO_ZERO_DATE,ERROR_FOR_DIVISION_BY_ZERO,NO_ENGINE_SUBSTITUTION' */ ;
DELIMITER ;;
CREATE DEFINER=`root`@`localhost` PROCEDURE `get_players_by_position`(IN position_p VARCHAR(20))
BEGIN
	IF(position_p IS NULL) THEN SIGNAL SQLSTATE '45000' SET MESSAGE_TEXT = 'position argument supplied is null.';
    END IF;
    
    SET @position_id = ( SELECT id FROM player_position WHERE name = position_p );
    IF(@position_id IS NULL) THEN SIGNAL SQLSTATE '45000' SET MESSAGE_TEXT = 'position argument supplied does not exist.';
    END IF;
    
	SELECT p.id, p.first_name, p.last_name, p.virtual_player_price, pp.name AS position, pt.name AS real_team
    FROM player AS p INNER JOIN player_position AS pp
    ON p.position_id = pp.id
    INNER JOIN physical_team AS pt ON p.physical_team_id = pt.id
    WHERE pp.name = position_p;
END ;;
DELIMITER ;
/*!50003 SET sql_mode              = @saved_sql_mode */ ;
/*!50003 SET character_set_client  = @saved_cs_client */ ;
/*!50003 SET character_set_results = @saved_cs_results */ ;
/*!50003 SET collation_connection  = @saved_col_connection */ ;
/*!50003 DROP PROCEDURE IF EXISTS `insert_match_stats` */;
/*!50003 SET @saved_cs_client      = @@character_set_client */ ;
/*!50003 SET @saved_cs_results     = @@character_set_results */ ;
/*!50003 SET @saved_col_connection = @@collation_connection */ ;
/*!50003 SET character_set_client  = utf8mb4 */ ;
/*!50003 SET character_set_results = utf8mb4 */ ;
/*!50003 SET collation_connection  = utf8mb4_0900_ai_ci */ ;
/*!50003 SET @saved_sql_mode       = @@sql_mode */ ;
/*!50003 SET sql_mode              = 'ONLY_FULL_GROUP_BY,STRICT_TRANS_TABLES,NO_ZERO_IN_DATE,NO_ZERO_DATE,ERROR_FOR_DIVISION_BY_ZERO,NO_ENGINE_SUBSTITUTION' */ ;
DELIMITER ;;
CREATE DEFINER=`root`@`localhost` PROCEDURE `insert_match_stats`(
    IN fixture_id INT,
    IN player_id INT,
    IN minutes_played INT,
    IN goals INT,
    IN assists INT,
    IN yellow_cards INT,
    IN red_cards INT,
    IN saves INT
)
BEGIN
	DECLARE EXIT HANDLER FOR 1062 SELECT 'match stats already exists' Message;
	DECLARE EXIT HANDLER FOR SQLEXCEPTION SELECT 'SQLException encountered' Message;
    INSERT INTO match_stats(
        id,
        player_id,
        minutes_played,
        goals,
        assists,
        yellow_cards,
        red_cards,
        saves
    )
    VALUES(
        fixture_id,
        player_id,
        minutes_played,
        goals,
        assists,
        yellow_cards,
        red_cards,
        saves
    );
END ;;
DELIMITER ;
/*!50003 SET sql_mode              = @saved_sql_mode */ ;
/*!50003 SET character_set_client  = @saved_cs_client */ ;
/*!50003 SET character_set_results = @saved_cs_results */ ;
/*!50003 SET collation_connection  = @saved_col_connection */ ;
/*!40103 SET TIME_ZONE=@OLD_TIME_ZONE */;

/*!40101 SET SQL_MODE=@OLD_SQL_MODE */;
/*!40014 SET FOREIGN_KEY_CHECKS=@OLD_FOREIGN_KEY_CHECKS */;
/*!40014 SET UNIQUE_CHECKS=@OLD_UNIQUE_CHECKS */;
/*!40101 SET CHARACTER_SET_CLIENT=@OLD_CHARACTER_SET_CLIENT */;
/*!40101 SET CHARACTER_SET_RESULTS=@OLD_CHARACTER_SET_RESULTS */;
/*!40101 SET COLLATION_CONNECTION=@OLD_COLLATION_CONNECTION */;
/*!40111 SET SQL_NOTES=@OLD_SQL_NOTES */;

-- Dump completed on 2023-04-19 13:49:21
